-- MySQL dump 10.13  Distrib 8.0.33, for Win64 (x86_64)
--
-- Host: localhost    Database: prueba_mapas
-- ------------------------------------------------------
-- Server version	8.0.33

/*!40101 SET @OLD_CHARACTER_SET_CLIENT=@@CHARACTER_SET_CLIENT */;
/*!40101 SET @OLD_CHARACTER_SET_RESULTS=@@CHARACTER_SET_RESULTS */;
/*!40101 SET @OLD_COLLATION_CONNECTION=@@COLLATION_CONNECTION */;
/*!50503 SET NAMES utf8mb4 */;
/*!40103 SET @OLD_TIME_ZONE=@@TIME_ZONE */;
/*!40103 SET TIME_ZONE='+00:00' */;
/*!40014 SET @OLD_UNIQUE_CHECKS=@@UNIQUE_CHECKS, UNIQUE_CHECKS=0 */;
/*!40014 SET @OLD_FOREIGN_KEY_CHECKS=@@FOREIGN_KEY_CHECKS, FOREIGN_KEY_CHECKS=0 */;
/*!40101 SET @OLD_SQL_MODE=@@SQL_MODE, SQL_MODE='NO_AUTO_VALUE_ON_ZERO' */;
/*!40111 SET @OLD_SQL_NOTES=@@SQL_NOTES, SQL_NOTES=0 */;

--
-- Table structure for table `categoria`
--

DROP TABLE IF EXISTS `categoria`;
/*!40101 SET @saved_cs_client     = @@character_set_client */;
/*!50503 SET character_set_client = utf8mb4 */;
CREATE TABLE `categoria` (
  `ID` int unsigned NOT NULL AUTO_INCREMENT,
  `ID_SECTOR` int NOT NULL,
  `NOMBRE_CATEGORIA` varchar(45) NOT NULL,
  PRIMARY KEY (`ID`),
  KEY `CATEGORIA_FK` (`ID_SECTOR`),
  CONSTRAINT `CATEGORIA_FK` FOREIGN KEY (`ID_SECTOR`) REFERENCES `sectores` (`ID`) ON DELETE CASCADE ON UPDATE CASCADE
) ENGINE=InnoDB AUTO_INCREMENT=35 DEFAULT CHARSET=utf8mb4 COLLATE=utf8mb4_0900_ai_ci;
/*!40101 SET character_set_client = @saved_cs_client */;

--
-- Dumping data for table `categoria`
--

LOCK TABLES `categoria` WRITE;
/*!40000 ALTER TABLE `categoria` DISABLE KEYS */;
INSERT INTO `categoria` VALUES (1,7,'SIN CATEGORIA'),(2,8,'PSICOLOGIA'),(3,9,'REFORMAS'),(4,10,'PESCADERIA'),(5,10,'CARNICERIA'),(6,11,'ASESORIA LEGA'),(7,12,'QUIMICA'),(8,13,'ACADEMIA'),(9,13,'COLEGIO'),(10,14,'GIMNASIO'),(11,15,'IMAGEN Y SONIDO'),(12,15,'TELEFONIA'),(13,15,'INFORMATICA'),(14,16,'DECORACION'),(15,16,'TERRAZA Y JARDIN'),(16,16,'BAÑO'),(17,16,'COCINA'),(18,17,'VENTA VEHICULOS'),(19,17,'COMPRA VEHICULOS'),(20,17,'TALLER'),(21,18,'VIVIENDAS'),(22,18,'LOCALES'),(23,19,'MUSEO'),(24,20,'HOTEL'),(25,20,'BAR'),(26,20,'RESTAURANTE'),(27,8,'DENTISTA'),(28,8,'PODOLOGO'),(29,9,'ARQUITECTO'),(30,9,'ALBAÑIL'),(31,11,'ABOGADOS'),(32,12,'CERVECERA'),(33,12,'TABACO'),(34,8,'FISIOTERAPEUTA');
/*!40000 ALTER TABLE `categoria` ENABLE KEYS */;
UNLOCK TABLES;

--
-- Table structure for table `chatbox`
--

DROP TABLE IF EXISTS `chatbox`;
/*!40101 SET @saved_cs_client     = @@character_set_client */;
/*!50503 SET character_set_client = utf8mb4 */;
CREATE TABLE `chatbox` (
  `ID` int NOT NULL AUTO_INCREMENT,
  `ID_USER` int NOT NULL,
  `PREGUNTA` text NOT NULL,
  `RESPUESTA` text NOT NULL,
  `PADRE` int NOT NULL DEFAULT '0',
  PRIMARY KEY (`ID`),
  KEY `fk_nombre_idx` (`ID_USER`),
  CONSTRAINT `fk_nombre` FOREIGN KEY (`ID_USER`) REFERENCES `users` (`ID`) ON DELETE CASCADE ON UPDATE CASCADE
) ENGINE=InnoDB AUTO_INCREMENT=3 DEFAULT CHARSET=utf8mb4 COLLATE=utf8mb4_0900_ai_ci;
/*!40101 SET character_set_client = @saved_cs_client */;

--
-- Dumping data for table `chatbox`
--

LOCK TABLES `chatbox` WRITE;
/*!40000 ALTER TABLE `chatbox` DISABLE KEYS */;
INSERT INTO `chatbox` VALUES (1,14,'¿Cuanto cuesta una consulta?','60€ por sesión ',0),(2,14,'¿Que tipo de terapia ofreceis?','de todo tipo',1);
/*!40000 ALTER TABLE `chatbox` ENABLE KEYS */;
UNLOCK TABLES;

--
-- Table structure for table `direcciones`
--

DROP TABLE IF EXISTS `direcciones`;
/*!40101 SET @saved_cs_client     = @@character_set_client */;
/*!50503 SET character_set_client = utf8mb4 */;
CREATE TABLE `direcciones` (
  `ID` int NOT NULL AUTO_INCREMENT,
  `ID_USER` int NOT NULL,
  `LATITUD` varchar(50) CHARACTER SET utf8mb4 COLLATE utf8mb4_0900_ai_ci NOT NULL,
  `LONGITUD` varchar(50) CHARACTER SET utf8mb4 COLLATE utf8mb4_0900_ai_ci NOT NULL,
  `TIPO_VIA` varchar(50) NOT NULL,
  `NOMBRE_VIA` varchar(100) CHARACTER SET utf8mb4 COLLATE utf8mb4_0900_ai_ci NOT NULL,
  `NUMERO` int NOT NULL,
  `URBANIZACION` varchar(100) DEFAULT NULL,
  `BLOQUE` varchar(100) DEFAULT NULL,
  `PISO` int DEFAULT NULL,
  `PUERTA` varchar(3) DEFAULT NULL,
  `CP` varchar(10) DEFAULT NULL,
  `LOCALIDAD` varchar(100) DEFAULT NULL,
  `PROVINCIA` varchar(100) DEFAULT NULL,
  `PAIS` varchar(100) DEFAULT NULL,
  PRIMARY KEY (`ID`),
  KEY `DIRECCIONES_FK` (`ID_USER`),
  CONSTRAINT `DIRECCIONES_FK` FOREIGN KEY (`ID_USER`) REFERENCES `users` (`ID`) ON DELETE CASCADE ON UPDATE CASCADE
) ENGINE=InnoDB AUTO_INCREMENT=142 DEFAULT CHARSET=utf8mb4 COLLATE=utf8mb4_0900_ai_ci;
/*!40101 SET character_set_client = @saved_cs_client */;

--
-- Dumping data for table `direcciones`
--

LOCK TABLES `direcciones` WRITE;
/*!40000 ALTER TABLE `direcciones` DISABLE KEYS */;
INSERT INTO `direcciones` VALUES (2,14,'36.7185866','-4.4338799','CALLE','ESPERANTO',3,'','',2,'B','29007','MALAGA','MALAGA','ESPAÑA'),(4,17,'36.71512834092832',' -4.42459168161263','Alameda','Principal',16,NULL,'',0,'','29001','Malaga','Malaga','España'),(5,19,'36.713502787768626',' -4.430213591440901','Alameda','de Colon',15,NULL,'1',1,'D','29001','Málaga','Málaga','España'),(6,20,'36.71365759855621','-4.424409291527596','Alameda ','de Colon',34,NULL,'',2,'1','29001','Málaga','Málaga','España'),(7,21,'36.71963477652729','-4.430353066300186','Calle','Don Cristian',19,NULL,'',1,'c','29001','Málaga','Málaga','España'),(8,22,'36.71591092026064','-4.4253534290365995','Calle','Linaje',3,NULL,'5',7,'2','29001','Málaga','Málaga','España'),(9,23,'36.71253091292055','-4.428325316422894','Calle ','Salitre (pasaje de Moll)',2,NULL,'',3,'d','29002','Málaga','Málaga','España'),(10,25,'36.72089109236696','-4.429371452527168','Calle','Armengual de la Mota',33,NULL,NULL,0,NULL,'29007','Málaga','Málaga','España'),(11,24,'36.718139113201794','-4.4322467805912105','Calle','Compositor Lehmberg Ruiz',10,NULL,NULL,0,NULL,'29007','Málaga','Málaga','España'),(12,18,'36.71563017869759',' -4.423360274122414','Calle','Martinez Campos',12,NULL,NULL,0,NULL,'29001','Málaga','Málaga','España'),(13,26,'36.71267421276905','-4.429664457672003','Calle','Cuarteles',64,NULL,'',0,'','29002','Málaga','Málaga','España'),(14,27,'36.719472118731744',' -4.411934576312376','Paseo ','de la Farola',1,NULL,'',0,'','29016','Málaga','Málaga','España'),(15,28,'36.72160487416934','-4.411848745623898','Paseo','de Reding',9,NULL,'',5,'','29016','Málaga','Málaga','España'),(16,29,'36.7252510608088',' -4.420818052569938','Calle','Dos aceras',12,NULL,'',0,'','29012','Málaga','Málaga','España'),(17,30,'36.710080410518664',' -4.4444214919016245','Avenida ','Juan XXIII',50,NULL,'',0,'','29002','Málaga','Málaga','España'),(18,31,'36.71396796013531',' -4.432405195514584','Avenida','de las Americas',3,NULL,'3',1,'','29006','Málaga','Málaga','España'),(19,32,'36.71677080284305','-4.423264230600543','Calle','Trinidad Grund',23,NULL,'',0,'','29001','Málaga','Málaga','España'),(20,33,'36.71389826826831','-4.433220589149601','Plaza','de la Solidaridad',15,NULL,'',1,'d','29002','Málaga','Málaga','España'),(21,34,'36.705228410946134','-4.437125885475389','Calle','Maestro Guerrero',2,NULL,'',1,'3','29002','Málaga','Málaga','España'),(22,35,'36.719333632247036','-4.434379303444065','Calle','Huescar',22,NULL,'',0,'','29007','Málaga','Málaga','España'),(24,37,'36.71004511911323',' -4.4423615574726','Calle','La Union',73,NULL,'',0,'','29006','Málaga','Málaga','España'),(25,38,'36.72019359677036','-4.422148396142033','Plaza','de las Flores',4,NULL,'',2,'c','29006','Málaga','Málaga','España'),(26,39,'36.70973545648153','-4.432319332726777','Avenida','de Andalucia',4,NULL,'',6,'1','29002','Málaga','Málaga','España'),(27,40,'36.719877606376876','-4.450557938735725','Calle','Competa',6,NULL,'',1,'c','29007','Málaga','Málaga','España'),(28,41,'36.70758404437227','-4.435985045074486','Calle','Heroe de Sostoa',63,NULL,'',0,'','29002','Málaga','Málaga','España'),(29,42,'36.70954510902095','-4.433538870452838','Calle','Comico Riquelme',10,NULL,'',0,'','29002','Málaga','Málaga','España'),(30,43,'36.714430350678946','-4.439117865203964','Calle','Ildefonso Gonzalez Solano',12,NULL,'',0,'','29006','Málaga','Málaga','España'),(31,44,'36.71202217177874',' -4.436628775238077','Calle','la Union',24,NULL,'',0,'','29006','Málaga','Málaga','España'),(32,45,'36.7087538082557','-4.4467997118228215','Camino','de San Rafael',43,NULL,'2',0,'A','29006','Málaga','Málaga','España'),(33,46,'36.71773287328385','-4.430406050323359','Calle','Armengual de la Mota',1,NULL,'',0,'','29007','Málaga','Málaga','España'),(34,47,'36.717870475311386',' -4.430105642913683','Calle','San Lorenzo',27,NULL,'',1,'','29001','Málaga','Málaga','España'),(35,48,'36.72653890612518','-4.435169653533936','Calle','Marinez de la Rosa',39,NULL,'',0,'','29009','Málaga','Málaga','España'),(36,49,'36.723924720501685',' -4.440491156219625','Calle','Palo Mayor',4,NULL,'',0,'','29010','Málaga','Málaga','España'),(37,50,'36.70992657078961',' -4.449901576720674','Avenida ','de Europa',87,NULL,'',0,'','29003','Málaga','Málaga','España'),(38,51,'36.72091798530716',' -4.462499999999481','Avenida','de Jorge Luis Borges',12,NULL,'',0,'','29010','Málaga','Málaga','España'),(39,52,'36.72225953893197','-4.477992439269915','Avenida','Plutarco',25,NULL,'',0,'','29010','Málaga','Málaga','España'),(40,53,'36.701768901210094','-4.472241146032233','Calle','Orotava',110,NULL,'',0,'','29006','Málaga','Málaga','España'),(41,54,'36.68841755999666',' -4.454302532140152','Avenida','de Moliere',18,NULL,'',0,'','29004','Málaga','Málaga','España'),(42,55,'36.71755361273159','-4.462757315343717','Calle','Fran Kafka',8,NULL,'',4,'2','29010','Málaga','Málaga','España'),(43,56,'36.72982112858767',' -4.4141658693110415','Calle','Isabel la Católica',11,NULL,'',0,'','29013','Málaga','Málaga','España'),(44,57,'36.69288192437883','-4.449910615343778','Calle','Realenga de San Luis',10,NULL,'',0,'','29004','Málaga','Málaga','España'),(45,58,'36.745727786443034','-4.489985453966772','Calle','Zafiro',12,NULL,'',0,'','29190','Málaga','Málaga','España'),(46,59,'36.73842689487806',' -4.552148484128816','Calle ','Marie Curie',3,NULL,'',0,'2','29590','Málaga','Málaga','España'),(47,60,'36.72563227696035','-4.474385880366969','Calle','Eolo',21,NULL,'',0,'','29010','Málaga','Málaga','España'),(48,61,'36.71883450930708','-4.4127596332496095','Paseo','Maritimo Ciudad de Melilla',11,NULL,'',0,'','29016','Málaga','Málaga','España'),(49,62,'36.72598938527941',' -4.4165361835426795','Calle','Victoria',7,NULL,'',2,'i','29012','Málaga','Málaga','España'),(50,63,'36.72221693025221','-4.423935206882738','Plaza','Felix Saenz',9,NULL,'',3,'','29005','Málaga','Málaga','España'),(51,64,'36.72001539280931','-4.421703608982287','Calle','Alameda Principal',6,NULL,'',2,'k','29005','Málaga','Málaga','España'),(52,65,'36.724831174006596','-4.417412074558344','Calle','Alcazabilla',9,NULL,'',1,'D','29015','Málaga','Málaga','España'),(53,66,'36.70600724485202','-4.437590222751876','Calle','la Hoz',39,NULL,'',0,'','29002','Málaga','Málaga','España'),(54,67,'36.72018112209911','-4.424887280856967','Calle','Atarazanas',10,NULL,'',0,'','29005','Málaga','Málaga','España'),(55,68,'36.71288274780342',' -4.463741185887289','Calle','Atenas',59,NULL,'',0,'','29006','Málaga','Málaga','España'),(56,69,'36.714671667872544','-4.485713842137877','Calle','Caudal',50,NULL,'',0,'','29006','Málaga','Málaga','España'),(57,70,'36.70751573767951',' -4.523651006445533','Avenida','de Jose Ortega y Gasset',553,NULL,'',0,'','29196','Málaga','Málaga','España'),(58,71,'36.72609225248396',' -4.359886052827869','Calle','Villafuerte',32,NULL,'',0,'','29017','Málaga','Málaga','España'),(59,72,'36.693811814851074',' -4.454331863160512','Avenida','Gregorio de Diego',12,NULL,'',0,'','29004','Málaga','Málaga','España'),(60,73,'36.71307969804702',' -4.450555312867442','Avenida','de Jose Ortega y Gasset',101,NULL,'',0,'','29006','Málaga','Málaga','España'),(61,74,'36.72367497473658','-4.482484328981578','Calle','Sofocles',1,NULL,'',0,'','29010','Málaga','Málaga','España'),(62,75,'36.72601399472282','-4.435449111695163','Avenida','de San Sebastian',3,NULL,'',0,'','29010','Málaga','Málaga','España'),(63,76,'36.70482262529075',' -4.438367355103444','Calle','la Hoz',39,NULL,'',0,'','29002','Málaga','Málaga','España'),(64,77,'36.707712701679974','-4.47784947180372','Calle','Monterrey',11,NULL,'',0,'','29006','Málaga','Málaga','España'),(65,78,'36.72243664119775',' -4.53123616003757','Camino','de Santa Ines',71,NULL,'',0,'','29590','Málaga','Málaga','España'),(66,79,'36.73426878994731',' -4.4146780850832785','Calle ','Cristo de la Epidemia',82,NULL,'',0,'','29013','Málaga','Málaga','España'),(67,80,'36.71967679419005','-4.442223546579815','Calle','Virgen Bien Aparecida',14,NULL,'',0,'','29007','Málaga','Málaga','España'),(68,81,'36.71929839691926',' -4.434670445993675','Calle','Compositor Lehmberg Ruiz',4,NULL,'',1,'d','29007','Málaga','Málaga','España'),(69,82,'36.71888559777062','-4.430765149667888','Calle','Huescar',2,NULL,'',3,'A','29007','Málaga','Málaga','España'),(70,83,'36.71603034292454','-4.428018567636564','Calle','Ancha del Carmen',3,NULL,'',0,'','29002','Málaga','Málaga','España'),(71,84,'36.71940159635978','-4.42900562055407','Calle','Larios',1,NULL,'',0,'','29005','Málaga','Málaga','España'),(72,85,'36.71808971133274',' -4.456017453966773','Calle','Spengler',10,NULL,'',0,'','29007','Málaga','Málaga','España'),(73,86,'36.71857000681593',' -4.432025492064926','Calle','Huescar',5,NULL,'',2,'12','29007','Málaga','Málaga','España'),(74,87,'36.71898280766052',' -4.43949276196256','Avenida','Herrera Oria',16,NULL,'',0,'','29005','Málaga','Málaga','España'),(75,88,'36.71961060469264',' -4.430029928558208','Calle','Don Cristian',18,NULL,'',1,'B','29007','Málaga','Málaga','España'),(76,89,'36.71540900359025',' -4.438450286508117','Plaza','Villa Casteldefells',1,NULL,'',0,'11','29006','Málaga','Málaga','España'),(77,90,'36.719159699772526',' -4.429433264417964','Calle','Almengual de la Mota',13,NULL,'',5,'B','29007','Málaga','Málaga','España'),(78,91,'36.718174996359835',' -4.4280760666564','Calle','Hilera',6,NULL,'',0,'A','29007','Málaga','Málaga','España'),(79,92,'36.71923749963902',' -4.434786650926118','Calle','Granados',8,NULL,'',4,'','29008','Málaga','Málaga','España'),(80,93,'36.713087208589805','-4.428725020237667','Calle','Cuarteles',39,NULL,'1',1,'A','29002','Málaga','Málaga','España'),(81,94,'36.71902629994406','-4.432491644180236','Calle','Esperanto',4,NULL,'',0,'','29007','Málaga','Málaga','España'),(82,95,'36.71170780936609',' -4.426767599999936','Calle','Canales',1,NULL,'',4,'F','29002','Málaga','Málaga','España'),(89,101,'36.71176510352926',' -4.4298448078733115','Avenida','Jose Maria Garnica',11,NULL,'',0,'','29002','Málaga','Málaga','España'),(91,103,'36.71823263477585',' -4.432763051281592','Calle','Compositor Lehmberg Ruiz',9,NULL,'',0,'','29007','Málaga','Málaga','España'),(92,104,'36.70359185267084',' -4.4407019861686825','Calle','Abogado Federico Orellana Toledano',15,NULL,'',0,'','29003','Málaga','Málaga','España'),(93,105,'36.724128356550985','-4.443684161376448','Calle','Magistrado Salvador Barbera',5,NULL,'',0,'','29010','Málaga','Málaga','España'),(94,106,'36.70998961160294','-4.433169902037775','Calle','Heroe de Sostoa',25,NULL,'',0,'','29002','Málaga','Málaga','España'),(97,109,'36.70790731700026','-4.437458333969812','Calle','Rio Alcarrache',2,NULL,'',0,'','29002','Málaga','Málaga','España'),(98,110,'36.719924422140686','-4.423830978471584','Calle','Alhóndiga',6,NULL,'',1,'c','29005','Málaga','Málaga','España'),(99,111,'36.72859323188182','-4.435163177245065','Calle','Camino Suarez',4,NULL,'',0,'','09010','Málaga','Málaga','España'),(100,112,'36.70945975496766','-4.443488770782203','Avenida','Juan XXIII',23,NULL,'',0,'','29006','Málaga','Málaga','España'),(101,113,'36.71517064693056','-4.4300991833795','Calle','Senador Francisco Roman',5,NULL,'',0,'','29002','Málaga','Málaga','España'),(102,114,'36.698605878540434','-4.437589862923973','Calle','Pacifico',18,NULL,'',0,'','29004','Málaga','Málaga','España'),(103,115,'36.71358023303094','-4.437587754491699','Paseo','de los Tilos',53,NULL,'',0,'','29006','Málaga','Málaga','España'),(104,116,'36.713016230882694','-4.427032297191271','Calle','Plaza de toros vieja ',5,NULL,'',0,'','29002','Málaga','Málaga','España'),(105,117,'36.72450253620437','-4.439890676720687','Calle',' Doctor Escassi ',11,NULL,'',0,'','29010','Málaga','Málaga','España'),(106,118,'36.72959260760118','-4.416064676720693','Calle','Tejeros',8,NULL,'',0,'','29013','Málaga','Málaga','España'),(107,119,'36.7099815832514','-4.463666576720687','Calle','Robinson Crusoe',6,NULL,'',0,'','29006','Málaga','Málaga','España'),(108,120,'36.70295530243636','-4.438561812026118','Avenida','de Sor Teresa Prat',15,NULL,'',0,'','29003','Málaga','Málaga','España'),(109,121,'36.71754255121789','-4.426545515639077','Calle','Alemania',8,NULL,'',0,'','29001','Málaga','Málaga','España'),(110,122,'36.72304645369772','-4.424828901869501','Calle','Enrique García-Herrera',1,NULL,'',0,'','29005','Málaga','Málaga','España'),(111,123,'36.72400959608389','-4.423283949476882','Calle','Compañia',1,NULL,'',0,'','29008','Málaga','Málaga','España'),(112,124,'36.72332163846911','-4.417962446791193','Calle','Afligidos',5,NULL,'',0,'','29015','Málaga','Málaga','España'),(113,125,'36.735703932646175','-4.428090468031697','Avenida','Luis Buñuel',6,NULL,'',0,'','29011','Málaga','Málaga','España'),(114,126,'36.727862044843526','-4.417619124037277','Plaza ','de la Merced',15,NULL,'',0,'','29012','Málaga','Málaga','España'),(115,127,'36.721120132690736','-4.412469282728544','Pasaje','del Dr. Carrillo Casaux',0,NULL,'',0,'','29016','Málaga','Málaga','España'),(116,128,'36.7250961217739','-4.400796342613836','Paseo','de Sancha',55,NULL,'',0,'','29016','Málaga','Málaga','España'),(117,129,'36.71408821619082','-4.439420152429323','Calle','la Union',41,NULL,'',0,'','29006','Málaga','Málaga','España'),(118,130,'36.709134144033776','-4.43959181380628','Calle','Heroe de Sostoa',130,NULL,'',0,'','29002','Málaga','Málaga','España'),(119,131,'36.724132993013605','-4.4296354539427325','Calle','Marmoles',27,NULL,'',0,'','29007','Málaga','Málaga','España'),(120,132,'36.710372692018495','-4.437360215905829','Calle','Heroe de Sostoa',94,NULL,'',0,'','29002','Málaga','Málaga','España'),(121,133,'36.71271211707677','-4.441995073083688','Calle','la Union',66,NULL,'',0,'','29006','Málaga','Málaga','España'),(122,134,'36.71064792219292','-4.433926988366675','Calle','Ayala',41,NULL,'',0,'','29002','Málaga','Málaga','España'),(123,135,'36.72702234305881','-4.436501909021041','Calle','Eugenio Gross',26,NULL,'',0,'','29009','Málaga','Málaga','España'),(124,136,'36.68739391752927','-4.466786099997925','Calle','Andorra',3,NULL,'',0,'2B','29004','Málaga','Málaga','España'),(125,137,'36.719048389033524',' -4.454769803610885','Calle','Saint Exupéry',8,NULL,'',0,'','29007','Málaga','Málaga','España'),(126,138,'36.71478267697525','-4.475197507468855','Calle','Quito',10,NULL,'',0,'','29006','Málaga','Málaga','España'),(127,139,'36.71338730250621','-4.44265302451031','Calle','la Union',62,NULL,'',0,'','29006','Málaga','Málaga','España'),(128,140,'36.70774508803935','-4.4515794161121125','Calle','Bodegueros',43,NULL,'',0,'','29006','Málaga','Málaga','España'),(129,141,'36.694002488395675','-4.458868268260724','Calle','Alejandro Dumas',1,NULL,'',0,'','29004','Málaga','Málaga','España'),(130,142,'36.69890741375226','-4.448695399998981','Avenida','de Velazquez',44,NULL,'',0,'','29003','Málaga','Málaga','España'),(131,143,'36.70719906456109','-4.510898837572247','Avenida','de Jose Ortega y Gasset',531,NULL,'',0,'','29196','Málaga','Málaga','España'),(132,144,'36.69662539641194','-4.449396707006294','Calle','Haendel',3,NULL,'',0,'','29004','Málaga','Málaga','España'),(133,145,'36.698689967945754','-4.454460717626546','Avenida','de la Luz',19,NULL,'',0,'','29004','Málaga','Málaga','España'),(134,146,'36.712658778261996','-4.440041161962098','Calle','la Union',49,NULL,'',0,'9','29006','Málaga','Málaga','España'),(135,147,'36.7283351','-4.442779419','calle','cesar arbasia',22,NULL,'',0,'c','29010','malaga','malaga','España'),(136,148,'234','-2345','calle','tocoto',4,NULL,'',0,'','29010','malaga','malaga','malaga'),(137,149,'1234','-1234','calle','tolonegro',1,NULL,'',0,'','29010','malaga','malaga','malaga'),(138,150,'123456','-654321','calle','jbg',3,NULL,'',0,'','29010','malaga','malaga','ESPAÑA'),(139,151,'12345','-67899','calle','las mimosas',3,NULL,'',4,'e','29014','malaga','malaga','españa'),(140,152,'8765','-9876','calle','vandelvira',6,NULL,'',1,'c','29010','malaga','Malaga','españa'),(141,153,'765','.567','calle','flamencos',5,NULL,'',0,'','29018','malaga','malaga','españa');
/*!40000 ALTER TABLE `direcciones` ENABLE KEYS */;
UNLOCK TABLES;

--
-- Table structure for table `imagenes`
--

DROP TABLE IF EXISTS `imagenes`;
/*!40101 SET @saved_cs_client     = @@character_set_client */;
/*!50503 SET character_set_client = utf8mb4 */;
CREATE TABLE `imagenes` (
  `ID` int NOT NULL AUTO_INCREMENT,
  `ID_USER` int NOT NULL,
  `PATH` varchar(200) NOT NULL,
  `IMG_NOMBRE` varchar(100) CHARACTER SET utf8mb4 COLLATE utf8mb4_0900_ai_ci NOT NULL,
  `TIPO` int NOT NULL,
  PRIMARY KEY (`ID`),
  KEY `IMAGENES_FK` (`ID_USER`),
  CONSTRAINT `IMAGENES_FK` FOREIGN KEY (`ID_USER`) REFERENCES `users` (`ID`) ON DELETE CASCADE ON UPDATE CASCADE
) ENGINE=InnoDB AUTO_INCREMENT=220 DEFAULT CHARSET=utf8mb4 COLLATE=utf8mb4_0900_ai_ci;
/*!40101 SET character_set_client = @saved_cs_client */;

--
-- Dumping data for table `imagenes`
--

LOCK TABLES `imagenes` WRITE;
/*!40000 ALTER TABLE `imagenes` DISABLE KEYS */;
INSERT INTO `imagenes` VALUES (19,14,'/Users/Francis-Mac/Desktop/mapas/api/public/imagenes/logonuevamente.png','logonuevamente.png',1),(20,14,'/Users/Francis-Mac/Desktop/mapas/api/public/imagenes/nuevamente001.png','nuevamente001.png',0),(21,14,'/Users/Francis-Mac/Desktop/mapas/api/public/imagenes/nuevamente002.png','nuevamente002.png',0),(22,14,'/Users/Francis-Mac/Desktop/mapas/api/public/imagenes/nuevamente003.png','nuevamente003.png',0),(23,14,'/Users/Francis-Mac/Desktop/mapas/api/public/imagenes/nuevamente005.png','nuevamente005.png',0),(24,14,'/Users/Francis-Mac/Desktop/mapas/api/public/imagenes/nuevamente004.png','nuevamente004.png',0),(25,14,'/Users/Francis-Mac/Desktop/mapas/api/public/imagenes/nuevamente006.png','nuevamente006.png',0),(26,14,'/Users/Francis-Mac/Desktop/mapas/api/public/imagenes/nuevamente007.png','nuevamente007.png',0),(27,14,'/Users/Francis-Mac/Desktop/mapas/api/public/imagenes/nuevamente009.jpeg','nuevamente009.jpeg',0),(28,14,'/Users/Francis-Mac/Desktop/mapas/api/public/imagenes/nuevamente008.jpeg','nuevamente008.jpeg',0),(31,101,'C:\\Users\\Felix\\Desktop\\REELEVANT\\proyectoFinal\\Proyecto-final-releevant\\backend\\public\\imagenes\\turededucativalogo.jpg','turededucativalogo.jpg',1),(32,101,'C:\\Users\\Felix\\Desktop\\REELEVANT\\proyectoFinal\\Proyecto-final-releevant\\backend\\public\\imagenes\\turededucativafoto3.jpg','turededucativafoto3.jpg',0),(33,101,'C:\\Users\\Felix\\Desktop\\REELEVANT\\proyectoFinal\\Proyecto-final-releevant\\backend\\public\\imagenes\\turededucativafoto2.jpg','turededucativafoto2.jpg',0),(34,101,'C:\\Users\\Felix\\Desktop\\REELEVANT\\proyectoFinal\\Proyecto-final-releevant\\backend\\public\\imagenes\\turededucativafoto1.jpg','turededucativafoto1.jpg',0),(37,103,'C:\\Users\\Felix\\Desktop\\REELEVANT\\proyectoFinal\\Proyecto-final-releevant\\backend\\public\\imagenes\\logo-academia.png','logo-academia.png',1),(38,103,'C:\\Users\\Felix\\Desktop\\REELEVANT\\proyectoFinal\\Proyecto-final-releevant\\backend\\public\\imagenes\\academiaavenidaandaluciafoto1.png','academiaavenidaandaluciafoto1.png',0),(39,103,'C:\\Users\\Felix\\Desktop\\REELEVANT\\proyectoFinal\\Proyecto-final-releevant\\backend\\public\\imagenes\\academiaavenidaandaluciafoto2.jpg','academiaavenidaandaluciafoto2.jpg',0),(40,103,'C:\\Users\\Felix\\Desktop\\REELEVANT\\proyectoFinal\\Proyecto-final-releevant\\backend\\public\\imagenes\\academiaavenidaandaluciafoto3.jpg','academiaavenidaandaluciafoto3.jpg',0),(41,104,'C:\\Users\\Felix\\Desktop\\REELEVANT\\proyectoFinal\\Proyecto-final-releevant\\backend\\public\\imagenes\\oxfordlogo.jpg','oxfordlogo.jpg',1),(42,104,'C:\\Users\\Felix\\Desktop\\REELEVANT\\proyectoFinal\\Proyecto-final-releevant\\backend\\public\\imagenes\\file-scaled-768x1024.jpeg','file-scaled-768x1024.jpeg',0),(43,104,'C:\\Users\\Felix\\Desktop\\REELEVANT\\proyectoFinal\\Proyecto-final-releevant\\backend\\public\\imagenes\\FOTO-ALUMNO-PROFESOR-DE-PIE-OXFORD-scaled-q45zfz7r8fzr8sxyw1hv1ud8umjbhv3h16qiqzpdv4.jpg','FOTO-ALUMNO-PROFESOR-DE-PIE-OXFORD-scaled-q45zfz7r8fzr8sxyw1hv1ud8umjbhv3h16qiqzpdv4.jpg',0),(44,104,'C:\\Users\\Felix\\Desktop\\REELEVANT\\proyectoFinal\\Proyecto-final-releevant\\backend\\public\\imagenes\\FOTO-GOPRO-AULA-EVA-OXFORD-scaled-1-1024x748.jpg','FOTO-GOPRO-AULA-EVA-OXFORD-scaled-1-1024x748.jpg',0),(45,105,'C:\\Users\\Felix\\Desktop\\REELEVANT\\proyectoFinal\\Proyecto-final-releevant\\backend\\public\\imagenes\\academia nueva malaga.png','academia nueva malaga.png',1),(46,105,'C:\\Users\\Felix\\Desktop\\REELEVANT\\proyectoFinal\\Proyecto-final-releevant\\backend\\public\\imagenes\\0029226c-2597-4f88-9c9a-24153493fe84.jpg','0029226c-2597-4f88-9c9a-24153493fe84.jpg',0),(47,105,'C:\\Users\\Felix\\Desktop\\REELEVANT\\proyectoFinal\\Proyecto-final-releevant\\backend\\public\\imagenes\\d9b32e63-9363-4f58-a28f-1144e6c71d4a.jpg','d9b32e63-9363-4f58-a28f-1144e6c71d4a.jpg',0),(48,105,'C:\\Users\\Felix\\Desktop\\REELEVANT\\proyectoFinal\\Proyecto-final-releevant\\backend\\public\\imagenes\\ef7d64a2-d2e0-4b07-9e6b-0c1fa7d2e4a8.jpeg','ef7d64a2-d2e0-4b07-9e6b-0c1fa7d2e4a8.jpeg',0),(49,106,'C:\\Users\\Felix\\Desktop\\REELEVANT\\proyectoFinal\\Proyecto-final-releevant\\backend\\public\\imagenes\\academiafyeseguridadprivadalogo.png','academiafyeseguridadprivadalogo.png',1),(50,106,'C:\\Users\\Felix\\Desktop\\REELEVANT\\proyectoFinal\\Proyecto-final-releevant\\backend\\public\\imagenes\\fyefoto1.jpg','fyefoto1.jpg',0),(54,109,'C:\\Users\\Felix\\Desktop\\REELEVANT\\proyectoFinal\\Proyecto-final-releevant\\backend\\public\\imagenes\\icaru logo.png','icaru logo.png',1),(55,109,'C:\\Users\\Felix\\Desktop\\REELEVANT\\proyectoFinal\\Proyecto-final-releevant\\backend\\public\\imagenes\\icaru foto 2.jpg','icaru foto 2.jpg',0),(56,109,'C:\\Users\\Felix\\Desktop\\REELEVANT\\proyectoFinal\\Proyecto-final-releevant\\backend\\public\\imagenes\\icaru foto 1.jpg','icaru foto 1.jpg',0),(57,109,'C:\\Users\\Felix\\Desktop\\REELEVANT\\proyectoFinal\\Proyecto-final-releevant\\backend\\public\\imagenes\\icaru foto 3.jpg','icaru foto 3.jpg',0),(58,110,'C:\\Users\\Felix\\Desktop\\REELEVANT\\proyectoFinal\\Proyecto-final-releevant\\backend\\public\\imagenes\\adestudios logo.png','adestudios logo.png',1),(59,110,'C:\\Users\\Felix\\Desktop\\REELEVANT\\proyectoFinal\\Proyecto-final-releevant\\backend\\public\\imagenes\\adestudios foto1.jpg','adestudios foto1.jpg',0),(60,110,'C:\\Users\\Felix\\Desktop\\REELEVANT\\proyectoFinal\\Proyecto-final-releevant\\backend\\public\\imagenes\\adestudios foto2.jpg','adestudios foto2.jpg',0),(61,110,'C:\\Users\\Felix\\Desktop\\REELEVANT\\proyectoFinal\\Proyecto-final-releevant\\backend\\public\\imagenes\\adestudios foto3.jpg','adestudios foto3.jpg',0),(62,111,'C:\\Users\\Felix\\Desktop\\REELEVANT\\proyectoFinal\\Proyecto-final-releevant\\backend\\public\\imagenes\\academiaomegalogo.png','academiaomegalogo.png',1),(63,111,'C:\\Users\\Felix\\Desktop\\REELEVANT\\proyectoFinal\\Proyecto-final-releevant\\backend\\public\\imagenes\\academiaomegafoto1.png','academiaomegafoto1.png',0),(64,111,'C:\\Users\\Felix\\Desktop\\REELEVANT\\proyectoFinal\\Proyecto-final-releevant\\backend\\public\\imagenes\\academiaomegafoto2.png','academiaomegafoto2.png',0),(65,111,'C:\\Users\\Felix\\Desktop\\REELEVANT\\proyectoFinal\\Proyecto-final-releevant\\backend\\public\\imagenes\\academiaomegafoto3.png','academiaomegafoto3.png',0),(66,112,'C:\\Users\\Felix\\Desktop\\REELEVANT\\proyectoFinal\\Proyecto-final-releevant\\backend\\public\\imagenes\\SmartfitLogo.png','SmartfitLogo.png',1),(67,112,'C:\\Users\\Felix\\Desktop\\REELEVANT\\proyectoFinal\\Proyecto-final-releevant\\backend\\public\\imagenes\\Smartfitfoto1.jpg','Smartfitfoto1.jpg',0),(68,112,'C:\\Users\\Felix\\Desktop\\REELEVANT\\proyectoFinal\\Proyecto-final-releevant\\backend\\public\\imagenes\\Smartfitfoto2.jpeg','Smartfitfoto2.jpeg',0),(69,112,'C:\\Users\\Felix\\Desktop\\REELEVANT\\proyectoFinal\\Proyecto-final-releevant\\backend\\public\\imagenes\\Smartfitfoto3.jpg','Smartfitfoto3.jpg',0),(70,113,'C:\\Users\\Felix\\Desktop\\REELEVANT\\proyectoFinal\\Proyecto-final-releevant\\backend\\public\\imagenes\\distrito290logo.png','distrito290logo.png',1),(71,113,'C:\\Users\\Felix\\Desktop\\REELEVANT\\proyectoFinal\\Proyecto-final-releevant\\backend\\public\\imagenes\\distrito290foto1.png','distrito290foto1.png',0),(72,113,'C:\\Users\\Felix\\Desktop\\REELEVANT\\proyectoFinal\\Proyecto-final-releevant\\backend\\public\\imagenes\\distrito290foto2.png','distrito290foto2.png',0),(73,113,'C:\\Users\\Felix\\Desktop\\REELEVANT\\proyectoFinal\\Proyecto-final-releevant\\backend\\public\\imagenes\\distrito290foto3.png','distrito290foto3.png',0),(74,114,'C:\\Users\\Felix\\Desktop\\REELEVANT\\proyectoFinal\\Proyecto-final-releevant\\backend\\public\\imagenes\\fitboxinglogo.svg','fitboxinglogo.svg',1),(75,115,'C:\\Users\\Felix\\Desktop\\REELEVANT\\proyectoFinal\\Proyecto-final-releevant\\backend\\public\\imagenes\\sinergymlogo.png','sinergymlogo.png',1),(76,115,'C:\\Users\\Felix\\Desktop\\REELEVANT\\proyectoFinal\\Proyecto-final-releevant\\backend\\public\\imagenes\\sinergymfoto1.png','sinergymfoto1.png',0),(77,115,'C:\\Users\\Felix\\Desktop\\REELEVANT\\proyectoFinal\\Proyecto-final-releevant\\backend\\public\\imagenes\\sinergymfoto2.jpg','sinergymfoto2.jpg',0),(78,115,'C:\\Users\\Felix\\Desktop\\REELEVANT\\proyectoFinal\\Proyecto-final-releevant\\backend\\public\\imagenes\\sinergymfoto3.jpg','sinergymfoto3.jpg',0),(79,116,'C:\\Users\\Felix\\Desktop\\REELEVANT\\proyectoFinal\\Proyecto-final-releevant\\backend\\public\\imagenes\\o2wellnessmalagalogo.png','o2wellnessmalagalogo.png',1),(80,116,'C:\\Users\\Felix\\Desktop\\REELEVANT\\proyectoFinal\\Proyecto-final-releevant\\backend\\public\\imagenes\\o2wellnessmalagafoto1.jpg','o2wellnessmalagafoto1.jpg',0),(81,116,'C:\\Users\\Felix\\Desktop\\REELEVANT\\proyectoFinal\\Proyecto-final-releevant\\backend\\public\\imagenes\\o2wellnessmalagafoto3.jpg','o2wellnessmalagafoto3.jpg',0),(82,117,'C:\\Users\\Felix\\Desktop\\REELEVANT\\proyectoFinal\\Proyecto-final-releevant\\backend\\public\\imagenes\\NowFitLogo.png','NowFitLogo.png',1),(83,118,'C:\\Users\\Felix\\Desktop\\REELEVANT\\proyectoFinal\\Proyecto-final-releevant\\backend\\public\\imagenes\\reeboksportcentermalagalogo.jpg','reeboksportcentermalagalogo.jpg',1),(84,118,'C:\\Users\\Felix\\Desktop\\REELEVANT\\proyectoFinal\\Proyecto-final-releevant\\backend\\public\\imagenes\\reeboksportcentermalagafoto1.jpg','reeboksportcentermalagafoto1.jpg',0),(85,118,'C:\\Users\\Felix\\Desktop\\REELEVANT\\proyectoFinal\\Proyecto-final-releevant\\backend\\public\\imagenes\\reeboksportcentermalagafoto2.jpg','reeboksportcentermalagafoto2.jpg',0),(86,118,'C:\\Users\\Felix\\Desktop\\REELEVANT\\proyectoFinal\\Proyecto-final-releevant\\backend\\public\\imagenes\\reeboksportcentermalagafoto3.jpg','reeboksportcentermalagafoto3.jpg',0),(87,119,'C:\\Users\\Felix\\Desktop\\REELEVANT\\proyectoFinal\\Proyecto-final-releevant\\backend\\public\\imagenes\\TrainingTimelogo.png','TrainingTimelogo.png',1),(88,119,'C:\\Users\\Felix\\Desktop\\REELEVANT\\proyectoFinal\\Proyecto-final-releevant\\backend\\public\\imagenes\\TrainingTimefoto1.jpg','TrainingTimefoto1.jpg',0),(89,119,'C:\\Users\\Felix\\Desktop\\REELEVANT\\proyectoFinal\\Proyecto-final-releevant\\backend\\public\\imagenes\\TrainingTimefoto2.jpg','TrainingTimefoto2.jpg',0),(90,119,'C:\\Users\\Felix\\Desktop\\REELEVANT\\proyectoFinal\\Proyecto-final-releevant\\backend\\public\\imagenes\\TrainingTimefoto3.jpg','TrainingTimefoto3.jpg',0),(91,120,'C:\\Users\\Felix\\Desktop\\REELEVANT\\proyectoFinal\\Proyecto-final-releevant\\backend\\public\\imagenes\\colecciondelmuseorusologo.png','colecciondelmuseorusologo.png',1),(92,120,'C:\\Users\\Felix\\Desktop\\REELEVANT\\proyectoFinal\\Proyecto-final-releevant\\backend\\public\\imagenes\\colecciondelmuseorusofoto1.jpg','colecciondelmuseorusofoto1.jpg',0),(93,120,'C:\\Users\\Felix\\Desktop\\REELEVANT\\proyectoFinal\\Proyecto-final-releevant\\backend\\public\\imagenes\\colecciondelmuseorusofoto2.jpg','colecciondelmuseorusofoto2.jpg',0),(94,120,'C:\\Users\\Felix\\Desktop\\REELEVANT\\proyectoFinal\\Proyecto-final-releevant\\backend\\public\\imagenes\\colecciondelmuseorusofoto3.jpg','colecciondelmuseorusofoto3.jpg',0),(95,121,'C:\\Users\\Felix\\Desktop\\REELEVANT\\proyectoFinal\\Proyecto-final-releevant\\backend\\public\\imagenes\\cacmalaga.png','cacmalaga.png',1),(96,121,'C:\\Users\\Felix\\Desktop\\REELEVANT\\proyectoFinal\\Proyecto-final-releevant\\backend\\public\\imagenes\\cacmalagafoto1.jpg','cacmalagafoto1.jpg',0),(97,121,'C:\\Users\\Felix\\Desktop\\REELEVANT\\proyectoFinal\\Proyecto-final-releevant\\backend\\public\\imagenes\\cacmalagafoto2.png','cacmalagafoto2.png',0),(98,121,'C:\\Users\\Felix\\Desktop\\REELEVANT\\proyectoFinal\\Proyecto-final-releevant\\backend\\public\\imagenes\\cacmalagafoto3.jpg','cacmalagafoto3.jpg',0),(99,122,'C:\\Users\\Felix\\Desktop\\REELEVANT\\proyectoFinal\\Proyecto-final-releevant\\backend\\public\\imagenes\\muacpmalagalogo.png','muacpmalagalogo.png',1),(100,122,'C:\\Users\\Felix\\Desktop\\REELEVANT\\proyectoFinal\\Proyecto-final-releevant\\backend\\public\\imagenes\\muacpmalagafoto1.png','muacpmalagafoto1.png',0),(101,122,'C:\\Users\\Felix\\Desktop\\REELEVANT\\proyectoFinal\\Proyecto-final-releevant\\backend\\public\\imagenes\\muacpmalagafoto2.jpg','muacpmalagafoto2.jpg',0),(102,122,'C:\\Users\\Felix\\Desktop\\REELEVANT\\proyectoFinal\\Proyecto-final-releevant\\backend\\public\\imagenes\\muacpmalagafoto3.jpg','muacpmalagafoto3.jpg',0),(103,123,'C:\\Users\\Felix\\Desktop\\REELEVANT\\proyectoFinal\\Proyecto-final-releevant\\backend\\public\\imagenes\\museocarmenthyssenmalagalogo.svg','museocarmenthyssenmalagalogo.svg',1),(104,123,'C:\\Users\\Felix\\Desktop\\REELEVANT\\proyectoFinal\\Proyecto-final-releevant\\backend\\public\\imagenes\\museocarmenthyssenmalagafoto1.jpg','museocarmenthyssenmalagafoto1.jpg',0),(105,123,'C:\\Users\\Felix\\Desktop\\REELEVANT\\proyectoFinal\\Proyecto-final-releevant\\backend\\public\\imagenes\\museocarmenthyssenmalagafoto2.jpg','museocarmenthyssenmalagafoto2.jpg',0),(106,123,'C:\\Users\\Felix\\Desktop\\REELEVANT\\proyectoFinal\\Proyecto-final-releevant\\backend\\public\\imagenes\\museocarmenthyssenmalagafoto3.jpg','museocarmenthyssenmalagafoto3.jpg',0),(107,124,'C:\\Users\\Felix\\Desktop\\REELEVANT\\proyectoFinal\\Proyecto-final-releevant\\backend\\public\\imagenes\\museorevellodetorologo.png','museorevellodetorologo.png',1),(108,124,'C:\\Users\\Felix\\Desktop\\REELEVANT\\proyectoFinal\\Proyecto-final-releevant\\backend\\public\\imagenes\\museorevellodetorofoto1.jpg','museorevellodetorofoto1.jpg',0),(109,124,'C:\\Users\\Felix\\Desktop\\REELEVANT\\proyectoFinal\\Proyecto-final-releevant\\backend\\public\\imagenes\\museorevellodetorofoto2.jpg','museorevellodetorofoto2.jpg',0),(110,124,'C:\\Users\\Felix\\Desktop\\REELEVANT\\proyectoFinal\\Proyecto-final-releevant\\backend\\public\\imagenes\\museorevellodetorofoto3.jpg','museorevellodetorofoto3.jpg',0),(111,125,'C:\\Users\\Felix\\Desktop\\REELEVANT\\proyectoFinal\\Proyecto-final-releevant\\backend\\public\\imagenes\\principialogo.png','principialogo.png',1),(112,125,'C:\\Users\\Felix\\Desktop\\REELEVANT\\proyectoFinal\\Proyecto-final-releevant\\backend\\public\\imagenes\\principiafoto1.jpg','principiafoto1.jpg',0),(113,125,'C:\\Users\\Felix\\Desktop\\REELEVANT\\proyectoFinal\\Proyecto-final-releevant\\backend\\public\\imagenes\\principiafoto2.png','principiafoto2.png',0),(114,126,'C:\\Users\\Felix\\Desktop\\REELEVANT\\proyectoFinal\\Proyecto-final-releevant\\backend\\public\\imagenes\\casanatalpicassologo.png','casanatalpicassologo.png',1),(115,126,'C:\\Users\\Felix\\Desktop\\REELEVANT\\proyectoFinal\\Proyecto-final-releevant\\backend\\public\\imagenes\\casanatalpicassofoto1.jpg','casanatalpicassofoto1.jpg',0),(116,126,'C:\\Users\\Felix\\Desktop\\REELEVANT\\proyectoFinal\\Proyecto-final-releevant\\backend\\public\\imagenes\\casanatalpicassofoto2.jpg','casanatalpicassofoto2.jpg',0),(117,126,'C:\\Users\\Felix\\Desktop\\REELEVANT\\proyectoFinal\\Proyecto-final-releevant\\backend\\public\\imagenes\\casanatalpicassofoto3.jpg','casanatalpicassofoto3.jpg',0),(118,127,'C:\\Users\\Felix\\Desktop\\REELEVANT\\proyectoFinal\\Proyecto-final-releevant\\backend\\public\\imagenes\\centrepompidoumalagalogo.png','centrepompidoumalagalogo.png',1),(119,127,'C:\\Users\\Felix\\Desktop\\REELEVANT\\proyectoFinal\\Proyecto-final-releevant\\backend\\public\\imagenes\\centrepompidoumalagafoto1.jpg','centrepompidoumalagafoto1.jpg',0),(120,127,'C:\\Users\\Felix\\Desktop\\REELEVANT\\proyectoFinal\\Proyecto-final-releevant\\backend\\public\\imagenes\\centrepompidoumalagafoto2.jpg','centrepompidoumalagafoto2.jpg',0),(121,127,'C:\\Users\\Felix\\Desktop\\REELEVANT\\proyectoFinal\\Proyecto-final-releevant\\backend\\public\\imagenes\\centrepompidoumalagafoto3.jpg','centrepompidoumalagafoto3.jpg',0),(122,128,'C:\\Users\\Felix\\Desktop\\REELEVANT\\proyectoFinal\\Proyecto-final-releevant\\backend\\public\\imagenes\\adendiainmobiliarialogo.png','adendiainmobiliarialogo.png',1),(123,128,'C:\\Users\\Felix\\Desktop\\REELEVANT\\proyectoFinal\\Proyecto-final-releevant\\backend\\public\\imagenes\\adendiainmobiliariafoto1.jpg','adendiainmobiliariafoto1.jpg',0),(124,128,'C:\\Users\\Felix\\Desktop\\REELEVANT\\proyectoFinal\\Proyecto-final-releevant\\backend\\public\\imagenes\\adendiainmobiliariafoto2.jpg','adendiainmobiliariafoto2.jpg',0),(125,128,'C:\\Users\\Felix\\Desktop\\REELEVANT\\proyectoFinal\\Proyecto-final-releevant\\backend\\public\\imagenes\\adendiainmobiliariafoto3.jpg','adendiainmobiliariafoto3.jpg',0),(126,129,'C:\\Users\\Felix\\Desktop\\REELEVANT\\proyectoFinal\\Proyecto-final-releevant\\backend\\public\\imagenes\\citicasalogo.png','citicasalogo.png',1),(127,129,'C:\\Users\\Felix\\Desktop\\REELEVANT\\proyectoFinal\\Proyecto-final-releevant\\backend\\public\\imagenes\\citicasafoto1.jpg','citicasafoto1.jpg',0),(128,129,'C:\\Users\\Felix\\Desktop\\REELEVANT\\proyectoFinal\\Proyecto-final-releevant\\backend\\public\\imagenes\\citicasafoto2.jpg','citicasafoto2.jpg',0),(129,129,'C:\\Users\\Felix\\Desktop\\REELEVANT\\proyectoFinal\\Proyecto-final-releevant\\backend\\public\\imagenes\\citicasafoto3.jpg','citicasafoto3.jpg',0),(130,130,'C:\\Users\\Felix\\Desktop\\REELEVANT\\proyectoFinal\\Proyecto-final-releevant\\backend\\public\\imagenes\\Planetacasalogo.jpg','Planetacasalogo.jpg',1),(131,130,'C:\\Users\\Felix\\Desktop\\REELEVANT\\proyectoFinal\\Proyecto-final-releevant\\backend\\public\\imagenes\\Planetacasafoto1.png','Planetacasafoto1.png',0),(132,130,'C:\\Users\\Felix\\Desktop\\REELEVANT\\proyectoFinal\\Proyecto-final-releevant\\backend\\public\\imagenes\\Planetacasafoto2.png','Planetacasafoto2.png',0),(133,130,'C:\\Users\\Felix\\Desktop\\REELEVANT\\proyectoFinal\\Proyecto-final-releevant\\backend\\public\\imagenes\\Planetacasafoto3.png','Planetacasafoto3.png',0),(134,131,'C:\\Users\\Felix\\Desktop\\REELEVANT\\proyectoFinal\\Proyecto-final-releevant\\backend\\public\\imagenes\\redpisologo.png','redpisologo.png',1),(135,131,'C:\\Users\\Felix\\Desktop\\REELEVANT\\proyectoFinal\\Proyecto-final-releevant\\backend\\public\\imagenes\\redpisofoto1.jpg','redpisofoto1.jpg',0),(136,131,'C:\\Users\\Felix\\Desktop\\REELEVANT\\proyectoFinal\\Proyecto-final-releevant\\backend\\public\\imagenes\\redpisofoto2.jpg','redpisofoto2.jpg',0),(137,131,'C:\\Users\\Felix\\Desktop\\REELEVANT\\proyectoFinal\\Proyecto-final-releevant\\backend\\public\\imagenes\\redpisofoto3.jpg','redpisofoto3.jpg',0),(138,132,'C:\\Users\\Felix\\Desktop\\REELEVANT\\proyectoFinal\\Proyecto-final-releevant\\backend\\public\\imagenes\\globbeinternationallogo.png','globbeinternationallogo.png',1),(139,133,'C:\\Users\\Felix\\Desktop\\REELEVANT\\proyectoFinal\\Proyecto-final-releevant\\backend\\public\\imagenes\\aliazapropiedadeslogo.png','aliazapropiedadeslogo.png',1),(140,133,'C:\\Users\\Felix\\Desktop\\REELEVANT\\proyectoFinal\\Proyecto-final-releevant\\backend\\public\\imagenes\\aliazapropiedadesfoto1.jpg','aliazapropiedadesfoto1.jpg',0),(141,133,'C:\\Users\\Felix\\Desktop\\REELEVANT\\proyectoFinal\\Proyecto-final-releevant\\backend\\public\\imagenes\\aliazapropiedadesfoto2.jpg','aliazapropiedadesfoto2.jpg',0),(142,134,'C:\\Users\\Felix\\Desktop\\REELEVANT\\proyectoFinal\\Proyecto-final-releevant\\backend\\public\\imagenes\\levylogo.png','levylogo.png',1),(143,135,'C:\\Users\\Felix\\Desktop\\REELEVANT\\proyectoFinal\\Proyecto-final-releevant\\backend\\public\\imagenes\\casavidainmobiliarialogo.png','casavidainmobiliarialogo.png',1),(144,135,'C:\\Users\\Felix\\Desktop\\REELEVANT\\proyectoFinal\\Proyecto-final-releevant\\backend\\public\\imagenes\\casavidainmobiliariafoto2.jpg','casavidainmobiliariafoto2.jpg',0),(145,135,'C:\\Users\\Felix\\Desktop\\REELEVANT\\proyectoFinal\\Proyecto-final-releevant\\backend\\public\\imagenes\\casavidainmobiliariafoto3.jpg','casavidainmobiliariafoto3.jpg',0),(146,135,'C:\\Users\\Felix\\Desktop\\REELEVANT\\proyectoFinal\\Proyecto-final-releevant\\backend\\public\\imagenes\\casavidainmobiliariafoto4.jpg','casavidainmobiliariafoto4.jpg',0),(147,136,'C:\\Users\\Felix\\Desktop\\REELEVANT\\proyectoFinal\\Proyecto-final-releevant\\backend\\public\\imagenes\\audiofactorylogo.png','audiofactorylogo.png',1),(148,136,'C:\\Users\\Felix\\Desktop\\REELEVANT\\proyectoFinal\\Proyecto-final-releevant\\backend\\public\\imagenes\\audiofactoryfoto1.png','audiofactoryfoto1.png',0),(149,136,'C:\\Users\\Felix\\Desktop\\REELEVANT\\proyectoFinal\\Proyecto-final-releevant\\backend\\public\\imagenes\\audiofactoryfoto2.jfif','audiofactoryfoto2.jfif',0),(150,136,'C:\\Users\\Felix\\Desktop\\REELEVANT\\proyectoFinal\\Proyecto-final-releevant\\backend\\public\\imagenes\\audiofactoryfoto3.jfif','audiofactoryfoto3.jfif',0),(151,137,'C:\\Users\\Felix\\Desktop\\REELEVANT\\proyectoFinal\\Proyecto-final-releevant\\backend\\public\\imagenes\\basedjlogo.jpg','basedjlogo.jpg',1),(152,137,'C:\\Users\\Felix\\Desktop\\REELEVANT\\proyectoFinal\\Proyecto-final-releevant\\backend\\public\\imagenes\\basedjfoto1.jpg','basedjfoto1.jpg',0),(153,137,'C:\\Users\\Felix\\Desktop\\REELEVANT\\proyectoFinal\\Proyecto-final-releevant\\backend\\public\\imagenes\\basedjfoto2.jpg','basedjfoto2.jpg',0),(154,137,'C:\\Users\\Felix\\Desktop\\REELEVANT\\proyectoFinal\\Proyecto-final-releevant\\backend\\public\\imagenes\\basedjfoto3.jpg','basedjfoto3.jpg',0),(155,138,'C:\\Users\\Felix\\Desktop\\REELEVANT\\proyectoFinal\\Proyecto-final-releevant\\backend\\public\\imagenes\\jcvalvularlogo.png','jcvalvularlogo.png',1),(156,138,'C:\\Users\\Felix\\Desktop\\REELEVANT\\proyectoFinal\\Proyecto-final-releevant\\backend\\public\\imagenes\\jcvalvularfoto2.jpg','jcvalvularfoto2.jpg',0),(157,138,'C:\\Users\\Felix\\Desktop\\REELEVANT\\proyectoFinal\\Proyecto-final-releevant\\backend\\public\\imagenes\\jcvalvularfoto1.jpg','jcvalvularfoto1.jpg',0),(158,138,'C:\\Users\\Felix\\Desktop\\REELEVANT\\proyectoFinal\\Proyecto-final-releevant\\backend\\public\\imagenes\\jcvalvularfoto3.jpg','jcvalvularfoto3.jpg',0),(159,139,'C:\\Users\\Felix\\Desktop\\REELEVANT\\proyectoFinal\\Proyecto-final-releevant\\backend\\public\\imagenes\\maslifelogo.png','maslifelogo.png',1),(160,139,'C:\\Users\\Felix\\Desktop\\REELEVANT\\proyectoFinal\\Proyecto-final-releevant\\backend\\public\\imagenes\\maslifefoto1.jpg','maslifefoto1.jpg',0),(161,139,'C:\\Users\\Felix\\Desktop\\REELEVANT\\proyectoFinal\\Proyecto-final-releevant\\backend\\public\\imagenes\\maslifefoto2.jpeg','maslifefoto2.jpeg',0),(162,139,'C:\\Users\\Felix\\Desktop\\REELEVANT\\proyectoFinal\\Proyecto-final-releevant\\backend\\public\\imagenes\\maslifefoto3.png','maslifefoto3.png',0),(163,140,'C:\\Users\\Felix\\Desktop\\REELEVANT\\proyectoFinal\\Proyecto-final-releevant\\backend\\public\\imagenes\\movilplanetlogo.jpg','movilplanetlogo.jpg',1),(164,140,'C:\\Users\\Felix\\Desktop\\REELEVANT\\proyectoFinal\\Proyecto-final-releevant\\backend\\public\\imagenes\\movilplanetfoto1.jpg','movilplanetfoto1.jpg',0),(165,140,'C:\\Users\\Felix\\Desktop\\REELEVANT\\proyectoFinal\\Proyecto-final-releevant\\backend\\public\\imagenes\\movilplanetfoto2.jpg','movilplanetfoto2.jpg',0),(166,140,'C:\\Users\\Felix\\Desktop\\REELEVANT\\proyectoFinal\\Proyecto-final-releevant\\backend\\public\\imagenes\\movilplanetfoto3.jpg','movilplanetfoto3.jpg',0),(167,141,'C:\\Users\\Felix\\Desktop\\REELEVANT\\proyectoFinal\\Proyecto-final-releevant\\backend\\public\\imagenes\\cosladafonlogo.jpg','cosladafonlogo.jpg',1),(168,141,'C:\\Users\\Felix\\Desktop\\REELEVANT\\proyectoFinal\\Proyecto-final-releevant\\backend\\public\\imagenes\\cosladafonfoto1.png','cosladafonfoto1.png',0),(169,141,'C:\\Users\\Felix\\Desktop\\REELEVANT\\proyectoFinal\\Proyecto-final-releevant\\backend\\public\\imagenes\\cosladafonfoto2.png','cosladafonfoto2.png',0),(170,141,'C:\\Users\\Felix\\Desktop\\REELEVANT\\proyectoFinal\\Proyecto-final-releevant\\backend\\public\\imagenes\\cosladafonfoto3.jpg','cosladafonfoto3.jpg',0),(171,142,'C:\\Users\\Felix\\Desktop\\REELEVANT\\proyectoFinal\\Proyecto-final-releevant\\backend\\public\\imagenes\\vodafonelogo.png','vodafonelogo.png',1),(172,142,'C:\\Users\\Felix\\Desktop\\REELEVANT\\proyectoFinal\\Proyecto-final-releevant\\backend\\public\\imagenes\\vodafonefoto1.jpg','vodafonefoto1.jpg',0),(173,142,'C:\\Users\\Felix\\Desktop\\REELEVANT\\proyectoFinal\\Proyecto-final-releevant\\backend\\public\\imagenes\\vodafonefoto2.jpg','vodafonefoto2.jpg',0),(174,142,'C:\\Users\\Felix\\Desktop\\REELEVANT\\proyectoFinal\\Proyecto-final-releevant\\backend\\public\\imagenes\\vodafonefoto3.jpg','vodafonefoto3.jpg',0),(175,143,'C:\\Users\\Felix\\Desktop\\REELEVANT\\proyectoFinal\\Proyecto-final-releevant\\backend\\public\\imagenes\\muynuevo.svg','muynuevo.svg',1),(176,143,'C:\\Users\\Felix\\Desktop\\REELEVANT\\proyectoFinal\\Proyecto-final-releevant\\backend\\public\\imagenes\\muynuevofoto1.jpg','muynuevofoto1.jpg',0),(177,143,'C:\\Users\\Felix\\Desktop\\REELEVANT\\proyectoFinal\\Proyecto-final-releevant\\backend\\public\\imagenes\\muynuevofoto2.jpg','muynuevofoto2.jpg',0),(178,143,'C:\\Users\\Felix\\Desktop\\REELEVANT\\proyectoFinal\\Proyecto-final-releevant\\backend\\public\\imagenes\\muynuevofoto3.jpg','muynuevofoto3.jpg',0),(179,144,'C:\\Users\\Felix\\Desktop\\REELEVANT\\proyectoFinal\\Proyecto-final-releevant\\backend\\public\\imagenes\\tecnomalakalogo.png','tecnomalakalogo.png',1),(180,144,'C:\\Users\\Felix\\Desktop\\REELEVANT\\proyectoFinal\\Proyecto-final-releevant\\backend\\public\\imagenes\\tecnomalakafoto1.png','tecnomalakafoto1.png',0),(181,144,'C:\\Users\\Felix\\Desktop\\REELEVANT\\proyectoFinal\\Proyecto-final-releevant\\backend\\public\\imagenes\\tecnomalakafoto2.png','tecnomalakafoto2.png',0),(182,144,'C:\\Users\\Felix\\Desktop\\REELEVANT\\proyectoFinal\\Proyecto-final-releevant\\backend\\public\\imagenes\\tecnomalakafoto3.png','tecnomalakafoto3.png',0),(183,145,'C:\\Users\\Felix\\Desktop\\REELEVANT\\proyectoFinal\\Proyecto-final-releevant\\backend\\public\\imagenes\\movitelshoplogo.jpg','movitelshoplogo.jpg',1),(184,145,'C:\\Users\\Felix\\Desktop\\REELEVANT\\proyectoFinal\\Proyecto-final-releevant\\backend\\public\\imagenes\\movitelshopfoto1.jpg','movitelshopfoto1.jpg',0),(185,145,'C:\\Users\\Felix\\Desktop\\REELEVANT\\proyectoFinal\\Proyecto-final-releevant\\backend\\public\\imagenes\\movitelshopfoto2.jpg','movitelshopfoto2.jpg',0),(186,145,'C:\\Users\\Felix\\Desktop\\REELEVANT\\proyectoFinal\\Proyecto-final-releevant\\backend\\public\\imagenes\\movitelshopfoto3.jpg','movitelshopfoto3.jpg',0),(187,146,'C:\\Users\\Felix\\Desktop\\REELEVANT\\proyectoFinal\\Proyecto-final-releevant\\backend\\public\\imagenes\\medicphonelogo.png','medicphonelogo.png',1),(188,147,'C:\\Users\\fdelr\\Desktop\\programacion\\proyecto\\Proyecto-final-releevant\\backend\\public\\imagenes\\palas_formas0001.jpg','palas_formas0001.jpg',1),(189,147,'C:\\Users\\fdelr\\Desktop\\programacion\\proyecto\\Proyecto-final-releevant\\backend\\public\\imagenes\\IMG20230416160516.jpg','IMG20230416160516.jpg',0),(190,147,'C:\\Users\\fdelr\\Desktop\\programacion\\proyecto\\Proyecto-final-releevant\\backend\\public\\imagenes\\IMG20230416160640.jpg','IMG20230416160640.jpg',0),(191,147,'C:\\Users\\fdelr\\Desktop\\programacion\\proyecto\\Proyecto-final-releevant\\backend\\public\\imagenes\\IMG20230416161103.jpg','IMG20230416161103.jpg',0),(192,147,'C:\\Users\\fdelr\\Desktop\\programacion\\proyecto\\Proyecto-final-releevant\\backend\\public\\imagenes\\IMG20230416161154.jpg','IMG20230416161154.jpg',0),(193,147,'C:\\Users\\fdelr\\Desktop\\programacion\\proyecto\\Proyecto-final-releevant\\backend\\public\\imagenes\\IMG20230416161225.jpg','IMG20230416161225.jpg',0),(194,147,'C:\\Users\\fdelr\\Desktop\\programacion\\proyecto\\Proyecto-final-releevant\\backend\\public\\imagenes\\IMG20230416161245.jpg','IMG20230416161245.jpg',0),(195,147,'C:\\Users\\fdelr\\Desktop\\programacion\\proyecto\\Proyecto-final-releevant\\backend\\public\\imagenes\\IMG20230416161445.jpg','IMG20230416161445.jpg',0),(196,147,'C:\\Users\\fdelr\\Desktop\\programacion\\proyecto\\Proyecto-final-releevant\\backend\\public\\imagenes\\IMG20230416162412.jpg','IMG20230416162412.jpg',0),(197,147,'C:\\Users\\fdelr\\Desktop\\programacion\\proyecto\\Proyecto-final-releevant\\backend\\public\\imagenes\\IMG20230416164127.jpg','IMG20230416164127.jpg',0),(198,147,'C:\\Users\\fdelr\\Desktop\\programacion\\proyecto\\Proyecto-final-releevant\\backend\\public\\imagenes\\IMG20230416162507.jpg','IMG20230416162507.jpg',0),(199,147,'C:\\Users\\fdelr\\Desktop\\programacion\\proyecto\\Proyecto-final-releevant\\backend\\public\\imagenes\\IMG20230416163605.jpg','IMG20230416163605.jpg',0),(200,147,'C:\\Users\\fdelr\\Desktop\\programacion\\proyecto\\Proyecto-final-releevant\\backend\\public\\imagenes\\palas_gubiadas.jpg','palas_gubiadas.jpg',0),(201,148,'C:\\Users\\fdelr\\Desktop\\programacion\\proyecto\\Proyecto-final-releevant\\backend\\public\\imagenes\\image.png','image.png',1),(202,148,'C:\\Users\\fdelr\\Desktop\\programacion\\proyecto\\Proyecto-final-releevant\\backend\\public\\imagenes\\image.png','image.png',0),(203,148,'C:\\Users\\fdelr\\Desktop\\programacion\\proyecto\\Proyecto-final-releevant\\backend\\public\\imagenes\\gokuwallpaper.jpg','gokuwallpaper.jpg',0),(204,149,'C:\\Users\\fdelr\\Desktop\\programacion\\proyecto\\Proyecto-final-releevant\\backend\\public\\imagenes\\image.png','image.png',1),(205,149,'C:\\Users\\fdelr\\Desktop\\programacion\\proyecto\\Proyecto-final-releevant\\backend\\public\\imagenes\\IMG20230416162507.jpg','IMG20230416162507.jpg',0),(206,149,'C:\\Users\\fdelr\\Desktop\\programacion\\proyecto\\Proyecto-final-releevant\\backend\\public\\imagenes\\IMG20230416163605.jpg','IMG20230416163605.jpg',0),(207,149,'C:\\Users\\fdelr\\Desktop\\programacion\\proyecto\\Proyecto-final-releevant\\backend\\public\\imagenes\\IMG20230416162412.jpg','IMG20230416162412.jpg',0),(208,149,'C:\\Users\\fdelr\\Desktop\\programacion\\proyecto\\Proyecto-final-releevant\\backend\\public\\imagenes\\IMG20230416164127.jpg','IMG20230416164127.jpg',0),(209,149,'C:\\Users\\fdelr\\Desktop\\programacion\\proyecto\\Proyecto-final-releevant\\backend\\public\\imagenes\\palas_formas0001.jpg','palas_formas0001.jpg',0),(210,149,'C:\\Users\\fdelr\\Desktop\\programacion\\proyecto\\Proyecto-final-releevant\\backend\\public\\imagenes\\palas_gubiadas.jpg','palas_gubiadas.jpg',0),(211,150,'C:\\Users\\fdelr\\Desktop\\programacion\\proyecto\\Proyecto-final-releevant\\backend\\public\\imagenes\\IMG20230416162412.jpg','IMG20230416162412.jpg',1),(212,150,'C:\\Users\\fdelr\\Desktop\\programacion\\proyecto\\Proyecto-final-releevant\\backend\\public\\imagenes\\image.png','image.png',0),(213,150,'C:\\Users\\fdelr\\Desktop\\programacion\\proyecto\\Proyecto-final-releevant\\backend\\public\\imagenes\\gokuwallpaper.jpg','gokuwallpaper.jpg',0),(214,151,'C:\\Users\\fdelr\\Desktop\\programacion\\proyecto\\Proyecto-final-releevant\\backend\\public\\imagenes\\depositphotos_128806724-stock-photo-construction-concept-project-of-heating.jpg','depositphotos_128806724-stock-photo-construction-concept-project-of-heating.jpg',1),(215,152,'C:\\Users\\fdelr\\Desktop\\programacion\\proyecto\\Proyecto-final-releevant\\backend\\public\\imagenes\\logogym.jpg','logogym.jpg',1),(216,152,'C:\\Users\\fdelr\\Desktop\\programacion\\proyecto\\Proyecto-final-releevant\\backend\\public\\imagenes\\gym1.jpg','gym1.jpg',0),(217,152,'C:\\Users\\fdelr\\Desktop\\programacion\\proyecto\\Proyecto-final-releevant\\backend\\public\\imagenes\\gym2.jpg','gym2.jpg',0),(218,152,'C:\\Users\\fdelr\\Desktop\\programacion\\proyecto\\Proyecto-final-releevant\\backend\\public\\imagenes\\gym3.jpg','gym3.jpg',0),(219,153,'C:\\Users\\fdelr\\Desktop\\programacion\\proyecto\\Proyecto-final-releevant\\backend\\public\\imagenes\\colelogo.jpg','colelogo.jpg',1);
/*!40000 ALTER TABLE `imagenes` ENABLE KEYS */;
UNLOCK TABLES;

--
-- Table structure for table `ofertante`
--

DROP TABLE IF EXISTS `ofertante`;
/*!40101 SET @saved_cs_client     = @@character_set_client */;
/*!50503 SET character_set_client = utf8mb4 */;
CREATE TABLE `ofertante` (
  `ID` int NOT NULL AUTO_INCREMENT,
  `ID_USER` int NOT NULL,
  `ID_CATEGORIA` int unsigned NOT NULL,
  PRIMARY KEY (`ID`),
  KEY `OFERTANTE_FK` (`ID_USER`),
  KEY `OFERTANTE_FK_1` (`ID_CATEGORIA`),
  CONSTRAINT `OFERTANTE_FK` FOREIGN KEY (`ID_USER`) REFERENCES `users` (`ID`) ON DELETE CASCADE ON UPDATE CASCADE,
  CONSTRAINT `OFERTANTE_FK_1` FOREIGN KEY (`ID_CATEGORIA`) REFERENCES `categoria` (`ID`) ON DELETE CASCADE ON UPDATE CASCADE
) ENGINE=InnoDB AUTO_INCREMENT=134 DEFAULT CHARSET=utf8mb4 COLLATE=utf8mb4_0900_ai_ci;
/*!40101 SET character_set_client = @saved_cs_client */;

--
-- Dumping data for table `ofertante`
--

LOCK TABLES `ofertante` WRITE;
/*!40000 ALTER TABLE `ofertante` DISABLE KEYS */;
INSERT INTO `ofertante` VALUES (1,14,2),(3,17,2),(4,18,2),(5,19,2),(6,20,2),(7,21,2),(8,22,2),(9,23,2),(10,24,27),(11,25,27),(12,26,27),(13,27,27),(14,28,27),(15,29,27),(16,30,27),(17,31,27),(18,32,28),(19,33,28),(20,34,28),(21,35,28),(23,37,28),(24,38,28),(25,39,28),(26,40,28),(27,41,34),(28,42,34),(29,43,34),(30,44,34),(31,45,34),(32,46,34),(33,47,34),(34,48,34),(35,49,34),(36,50,3),(37,51,3),(38,52,3),(39,53,3),(40,54,3),(41,55,29),(42,56,3),(43,57,3),(44,58,3),(45,59,29),(46,60,29),(47,61,29),(48,62,29),(49,63,29),(50,64,29),(51,65,29),(52,66,4),(53,67,4),(54,68,4),(55,69,4),(56,70,4),(57,71,4),(58,72,5),(59,73,5),(60,74,5),(61,75,5),(62,76,5),(63,77,5),(64,78,5),(65,79,5),(66,80,6),(67,81,6),(68,82,6),(69,83,6),(70,84,6),(71,85,6),(72,86,6),(73,87,6),(74,88,31),(75,89,31),(76,90,31),(77,91,31),(78,92,31),(79,93,31),(80,94,31),(81,95,31),(82,101,8),(84,103,8),(85,104,8),(86,105,8),(87,106,8),(90,109,8),(91,110,8),(92,111,8),(93,112,10),(94,113,10),(95,114,10),(96,115,10),(97,116,10),(98,117,10),(99,118,10),(100,119,10),(101,120,23),(102,121,23),(103,122,23),(104,123,23),(105,124,23),(106,125,23),(107,126,23),(108,127,23),(109,128,21),(110,129,21),(111,130,21),(112,131,21),(113,132,21),(114,133,21),(115,134,21),(116,135,21),(117,136,11),(118,137,11),(119,138,11),(120,139,12),(121,140,12),(122,141,12),(123,142,12),(124,143,12),(125,144,12),(126,145,12),(127,146,12),(128,147,23),(129,148,23),(130,149,10),(131,150,9),(132,151,3),(133,152,27);
/*!40000 ALTER TABLE `ofertante` ENABLE KEYS */;
UNLOCK TABLES;

--
-- Table structure for table `redes`
--

DROP TABLE IF EXISTS `redes`;
/*!40101 SET @saved_cs_client     = @@character_set_client */;
/*!50503 SET character_set_client = utf8mb4 */;
CREATE TABLE `redes` (
  `ID` int NOT NULL AUTO_INCREMENT,
  `ID_USER` int NOT NULL,
  `NOMBRE` varchar(100) NOT NULL,
  `URL` varchar(100) NOT NULL,
  PRIMARY KEY (`ID`),
  KEY `REDES_FK` (`ID_USER`),
  CONSTRAINT `REDES_FK` FOREIGN KEY (`ID_USER`) REFERENCES `users` (`ID`) ON DELETE CASCADE ON UPDATE CASCADE
) ENGINE=InnoDB DEFAULT CHARSET=utf8mb4 COLLATE=utf8mb4_0900_ai_ci;
/*!40101 SET character_set_client = @saved_cs_client */;

--
-- Dumping data for table `redes`
--

LOCK TABLES `redes` WRITE;
/*!40000 ALTER TABLE `redes` DISABLE KEYS */;
/*!40000 ALTER TABLE `redes` ENABLE KEYS */;
UNLOCK TABLES;

--
-- Table structure for table `respuestas`
--

DROP TABLE IF EXISTS `respuestas`;
/*!40101 SET @saved_cs_client     = @@character_set_client */;
/*!50503 SET character_set_client = utf8mb4 */;
CREATE TABLE `respuestas` (
  `ID` int NOT NULL AUTO_INCREMENT,
  `ID_VALORACION` int NOT NULL,
  `ID_COMENTADOR` int NOT NULL,
  `RESPUESTA` text NOT NULL,
  PRIMARY KEY (`ID`),
  KEY `RESPUESTAS_FK` (`ID_VALORACION`),
  CONSTRAINT `RESPUESTAS_FK` FOREIGN KEY (`ID_VALORACION`) REFERENCES `valoraciones` (`ID`) ON DELETE CASCADE ON UPDATE CASCADE
) ENGINE=InnoDB DEFAULT CHARSET=utf8mb4 COLLATE=utf8mb4_0900_ai_ci;
/*!40101 SET character_set_client = @saved_cs_client */;

--
-- Dumping data for table `respuestas`
--

LOCK TABLES `respuestas` WRITE;
/*!40000 ALTER TABLE `respuestas` DISABLE KEYS */;
/*!40000 ALTER TABLE `respuestas` ENABLE KEYS */;
UNLOCK TABLES;

--
-- Table structure for table `sectores`
--

DROP TABLE IF EXISTS `sectores`;
/*!40101 SET @saved_cs_client     = @@character_set_client */;
/*!50503 SET character_set_client = utf8mb4 */;
CREATE TABLE `sectores` (
  `ID` int NOT NULL AUTO_INCREMENT,
  `NOMBRE_SECTOR` varchar(255) CHARACTER SET utf8mb4 COLLATE utf8mb4_0900_ai_ci NOT NULL,
  PRIMARY KEY (`ID`)
) ENGINE=InnoDB AUTO_INCREMENT=21 DEFAULT CHARSET=utf8mb4 COLLATE=utf8mb4_0900_ai_ci;
/*!40101 SET character_set_client = @saved_cs_client */;

--
-- Dumping data for table `sectores`
--

LOCK TABLES `sectores` WRITE;
/*!40000 ALTER TABLE `sectores` DISABLE KEYS */;
INSERT INTO `sectores` VALUES (7,'SIN SECTOR'),(8,'SALUD'),(9,'CONSTRUCCION'),(10,'AGROALIMENTARIO'),(11,'LEGAL'),(12,'INDUSTRIA'),(13,'EDUCACION'),(14,'DEPORTE'),(15,'TECNOLOGIA'),(16,'HOGAR'),(17,'AUTOMOCION'),(18,'INMOBILIARIA'),(19,'CULTURA'),(20,'HOSTELERIA');
/*!40000 ALTER TABLE `sectores` ENABLE KEYS */;
UNLOCK TABLES;

--
-- Table structure for table `users`
--

DROP TABLE IF EXISTS `users`;
/*!40101 SET @saved_cs_client     = @@character_set_client */;
/*!50503 SET character_set_client = utf8mb4 */;
CREATE TABLE `users` (
  `ID` int NOT NULL AUTO_INCREMENT,
  `NOMBRE` varchar(100) NOT NULL,
  `EMAIL` varchar(100) NOT NULL,
  `TLF` varchar(12) DEFAULT NULL,
  `URL` varchar(100) DEFAULT NULL,
  `DESCRIPCION` text,
  `PASSWORD` varchar(100) NOT NULL,
  `FECHA_REG` datetime NOT NULL,
  `ESTADO` int NOT NULL DEFAULT '1',
  PRIMARY KEY (`ID`)
) ENGINE=InnoDB AUTO_INCREMENT=154 DEFAULT CHARSET=utf8mb4 COLLATE=utf8mb4_0900_ai_ci;
/*!40101 SET character_set_client = @saved_cs_client */;

--
-- Dumping data for table `users`
--

LOCK TABLES `users` WRITE;
/*!40000 ALTER TABLE `users` DISABLE KEYS */;
INSERT INTO `users` VALUES (14,'NUEVA MENTE PSICOLOGOS','info@nuevamentepsicologos.com','951325269','nuevamentepsicologos.com','Gabinete Psicológico','81dc9bdb52d04dc20036dbd8313ed055','2023-05-31 12:15:58',1),(15,'FRANCISCO JOSE DEL RIO VELARDE','f.delrio.velarde@gmail.com','625376988',NULL,'ADMINISTRADOR','f813c705499c56d8cbce9349879dc048','2023-06-07 19:50:00',1),(17,'PsicoAbreu','info@psicologos-malaga.com','672404040','psicologos-malaga.com','En PsicoAbreu ofrecemos un servicio de atención psicológica de Calidad, guiado por los mejores psicólogos en Málaga especializados en Psicología Clínica y altamente cualificados que, mediante una terapia psicológica integradora eficaz, ayudan a resolver todas aquellas cuestiones Psicológicas que te afectan.','ea91daca3517315d59181f9b4823414b','2023-06-21 12:39:19',1),(18,'Zentra2','info@zentrados.com','951985638','zentra2.com','Zentra2 Psicología inició su recorrido en 2013. Ubicado en el centro de Málaga ha ido desarrollando su actividad en diferentes áreas profesionales dentro del campo de la psicología.\nEn sus inicios nos centramos en la Psicología Clínica atendiendo a niños, adolescentes y adultos','ea91daca3517315d59181f9b4823414b','2023-06-21 12:45:10',1),(19,'Mas Vida Psicologos','info@mas-vida-psicologos-malaga.com','675115042','mas-vida-psicologos-malaga.com','En Más Vida Psicólogos Málaga estamos encantados de ofrecerte nuestra experiencia y toda la ayuda psicológica que precises. Disponemos de tratamientos novedosos y muy eficaces en el campo de la psicología clínica, cognitiva y social. Lo que sin duda te ayudará a superar cualquier situación emocional por la que estés atravesando.','ea91daca3517315d59181f9b4823414b','2023-06-21 12:58:10',1),(20,'Desiree Infante Psicologa','psicologadesireeinfante@gmail.com','600977310','psicologadesireeinfante.com','Psicólogos en Málaga especialistas en psicología Sanitaria y Neuropsicóloga. Disponemos de un gabinete de psicología equipado con la infraestructura y profesionales necesarios para abordar todo tipo de problemas psicológicos que pueda estar sufriendo. Pide cita con nuestro equipo de psicólogos para llevar a cabo un diagnóstico y tratamiento personalizado específico para su caso.','ea91daca3517315d59181f9b4823414b','2023-06-21 13:02:29',1),(21,'Valpe Psicologos','valpepsicologos@gmail.com','656430111','psicologiamalagacentro.com','En Valpe Psicólogos queremos ayudarte a alcanzar tus objetivos personales con herramientas prácticas, provenientes de la psicología basada en la evidencia. Olvídate de los mitos en torno a “ir a terapia”: Vivirás una experiencia agradable dónde descubrirás mucho sobre tí.\nHemos trabajado con cientos de personas y entendemos las complejidades y las dificultades que las personas encuentran en la actualidad. Los últimos avances en psicología y nuestro trato cercano son los elementos clave que te ayudarán a encontrarte mejor.','ea91daca3517315d59181f9b4823414b','2023-06-21 13:08:35',1),(22,'Gabinete de Psicologia Málaga Javier Alvarez','GABINETEDEPSICOLOGIAMALAGA@GMAIL.COM',' 618058800','GABINETEDEPSICOLOGIAMALAGA.COM','Como psicólogo en Málaga, para nosotros la palabra “cambio” es casi como un mantra en psicología, algo que intentamos transmitir en sesión a través de metáforas, dichos populares, esquemas, dibujos o lo que sea necesario. “No se puede sacar agua de un pozo seco”, “Si has realizado una acción 50 veces qué te hace pensar que si esta semana hacemos la 51 obtendremos resultados”…, y así varias por el estilo según el día y la persona con la que esté trabajando.\nPorque el cambio, es mejora, la mejora, calidad de vida y salud mental.','ea91daca3517315d59181f9b4823414b','2023-06-21 13:14:36',1),(23,'Salutis Centro Psicólogos Málaga ','info@salutiscentro.com','600023300','https://www.psicologosmalagasalutiscentro.com','Los psicólogos Málaga de Salutis Centro plantean nuevas alternativas a los pensamientos y patrones de conducta, motivando al cambio para que las personas aprendan a potenciar lo mejor de sí mismas.\nAcudir a Salutis Centro Psicólogos Málaga, le proporcionará un espacio donde podrá exponer su problema o dificultad y aprender a solucionarlo, potenciando sus puntos fuertes y manejando las propias limitaciones.','ea91daca3517315d59181f9b4823414b','2023-06-21 13:19:01',1),(24,'Lola Escalante Estudio Dental','info@estudiodentalescalante.es','633587193','https://estudiodentalescalante.es','En LOLA ESCALANTE ESTUDIO DENTAL estamos especializados en odontología estética y podemos ayudarte a conseguir la sonrisa que siempre has deseado. Tu Clínica Dental en Málaga.\nEntendemos que las necesidades dentales de cada persona son únicas. Por eso en nuestra clínica, la Dra. Lola Escalante, Dentista en Málaga, ofrecemos una amplia gama de tratamientos dentales a nuestros pacientes.','ea91daca3517315d59181f9b4823414b','2023-06-21 15:44:08',1),(25,'Grupo Dental Clinic','info@grupodentalclinic.com','601442813','https://www.grupodentalclinics.es/','Con la garantía de saber que detrás te esperan los mejores dentistas en Andalucía. Un equipo de odontólogos y cirujanos maxilofaciales de primer nivel, dirigido por la Doctora Hanane Maalaoui y el Doctor Ariel Bilbao Góngora. \nCon la garantía de acceder a unas instalaciones pensadas para tu confort y para ofrecerte un servicio odontológico de máxima calidad. Con materiales de alta gama y tecnología punta.','ea91daca3517315d59181f9b4823414b','2023-06-21 15:52:39',1),(26,'Naturadent','info@naturadent.com','952265185','https://naturadent.es','Somos una clínica que lucha por una odontología verdadera, sin mentiras, sin tratamientos que no necesitas, a precios competentes, con facilidades de pagos sin intereses, con odontólogos destacados dentro del gremio, con especialistas con masters. Con la mejor tecnología.','ea91daca3517315d59181f9b4823414b','2023-06-21 16:22:12',1),(27,'Crooke Laguna Dental Clinic','malaga@crooke.net','952229192','https://www.clinicadentalcrookelaguna.com','Bienvenido a Crooke & Laguna, la Clínica Dental donde le ayudaremos a obtener una sonrisa soñada y saludable.\nContamos con profesionales expertos con más de 20 años de experiencia, especializados en diferentes campos para que tu tratamiento sea 100% personalizado desde principio a fin.','ea91daca3517315d59181f9b4823414b','2023-06-21 18:03:58',1),(28,'Gross Dentistas','info@grossdentistas.com',' 649965932','https://www.clinicadentalgrossdentistas.com','Nuestra clínica principal está ubicada en Málaga, cuenta con 350 metros cuadrados y está provista de tecnología de diagnóstico para tratamientos dentales de última generación.\nEn todas nuestras clínicas ofrecemos el mismo servicio de compromiso, calidad y profesionalidad en tratamientos dentales, urgencias y cirugías.','ea91daca3517315d59181f9b4823414b','2023-06-21 18:09:24',1),(29,'B&B Dental','info@bybdental.com',' 722239076','https://bybdental.com','Sabemos que no es el mejor plan ir al dentista , pero es necesario, por eso tratamos que venir a nuestra clínica dental sea lo más agradable posible. Para ello ofrecemos un trato cercano y especial a cada paciente.','ea91daca3517315d59181f9b4823414b','2023-06-21 18:16:39',1),(30,'Prodentis Clinicas Dentales','info@prodentis.es','952392070','https://prodentis.es','En nuestras diferentes clínicas dentales estará en las mejores manos, recibirá las técnicas diagnósticas y terapéuticas más avanzadas, y será tratado por un equipo de dentistas de primer nivel. Profesionales del primer nivel en el sector que llevan años de experiencia en su carrera profesional. ','ea91daca3517315d59181f9b4823414b','2023-06-21 18:23:41',1),(31,'Cuomax','info@cuomax.com','951550450','https://cuomax.com','CUOMAX está formado por especialistas de alto nivel reconocidos en sus especialidades de odontología y cirugía maxilo facial.\nNuestra clínica está equipada con la tecnología más innovadora para formar profesionales en las técnicas y tratamientos de última generación.','ea91daca3517315d59181f9b4823414b','2023-06-21 18:29:30',1),(32,'Clinica Poyatos','info@clinicapoyatos.com','621216252','https://clinicapoyatos.com','Desde 1965 ofrecemos tratamientos de podología para patologías o lesiones tanto propias del pie, como a nivel del resto del aparato locomotor de nuestros pacientes.','ea91daca3517315d59181f9b4823414b','2023-06-21 18:43:10',1),(33,'Escaño Clinica Podologica','podologiaescano@gmail.com','951107277','https://malagapodologica.com','Bienvenidos a Clínica Podológica Escaño, su clínica podólogica en Málaga.\nMás de ocho años pendientes de la salud podológica general de sus pies, tratando cualquier alteración en la piel o morfológica del pie, preocupándonos por un correcto desarrollo del pie infantil para que pisen seguros toda la vida que tienen por delante, tratando con especial cuidado los pies que han guiado toda una vida en la tercera edad.','ea91daca3517315d59181f9b4823414b','2023-06-21 18:49:53',1),(34,'Clinica Podologica Medina','info@clinicapodologicamedina.com','952653813','https://www.clinicapodologicamedina.com','Clinica Podologica Medina inicia su actividad a principios de 2001.Con un objetivo fundamental, ofrecer a nuestros clientes una asistencia integral en el cuidado de los pies.','ea91daca3517315d59181f9b4823414b','2023-06-21 18:56:20',1),(35,'Podozone','info@podozone.es','673097665','https://www.podozone.es','En clínica Podozone estamos al día de las últimas técnicas en tratamientos para ofrecer al paciente lo más adecuado a cada caso de forma personalizada','ea91daca3517315d59181f9b4823414b','2023-06-21 19:13:02',1),(37,'Clinica del Pie ','info@podologiademalaga.com','952042247','http://podologiademalaga.com','En Clínica del Pie la Unión nos preocupamos por resolver cada una de las patologías que nos encontramos en nuestro día a día desde el inicio de la actividad en 2002. Para ello contamos con modernas instalaciones y diversa aparatología, así cómo un proceso contínuo de formación y estudio en los nuevos avances para solventar todo tipo de problemas que afecten a la salud de nuestros pies y una estrecha colaboración con otros profesionales acreditados en biomecánica deportiva, infantil y cirugía podológica.','ea91daca3517315d59181f9b4823414b','2023-06-21 19:42:21',1),(38,'Centro de Podologia Larios','rosa.navaslopez@gmail.com','952221123','https://www.centrodepodologialarios.com','Somos Podología Larios, un centro de podología que cuenta con más de 30 años de experiencia en la localidad de Málaga. Ofrecemos los mejores tratamientos de podología.','ea91daca3517315d59181f9b4823414b','2023-06-21 20:33:06',1),(39,'Podologia Semedi','info@podologiasemedi.com','952284316','https://podologiasemedi.com','Es muy probable que ya nos conozcas, ya que son muchísimas las personas que han depositado su confianza en nosotros para que nos ocupemos del cuidado y la salud de sus pies. Pero si no es así,  estaremos encantados de recibirte y atender tus necesidades con la profesionalidad que nos caracteriza.','ea91daca3517315d59181f9b4823414b','2023-06-21 20:39:43',1),(40,'Clinica Manzano','info@clinicamanzano.es','952616080','clinicamanzano.es','Nuestra misión es mejorar la salud y el bienestar de nuestros pacientes poniendo a su disposición las últimas técnicas y tratamientos en cada una de nuestras áreas.\nTrabajamos por y para nuestros pacientes ofreciendo un servicio de calidad, personalizado y adaptado a las necesidades de cada uno.','ea91daca3517315d59181f9b4823414b','2023-06-22 09:09:50',1),(41,'Fisioterapia y Osteopatia Victor Lluch','info@fisiolluch.com','722643148','https://fisiolluch.com','Dando lo mejor de nosotros a nuestros pacientes desde el año 2009.\nOfrecemos a nuestros pacientes un servicio de calidad, personalizado y siempre con la mayor profesionalidad.','ea91daca3517315d59181f9b4823414b','2023-06-22 09:38:37',1),(42,'Hiris Centro de Fisioterapia Integral','info@hiris.es','608907362','https://www.hiris.es','En Hiris, disponemos de diferentes salas para llevar a cabo los tratamientos fisioterapéuticos. Además en nuestra clínica fisioterapia Málaga tenemos los aparatos más novedosos para la perfecta realización de los tratamientos de ultrasonidos, electroestimulación, microondas, magnetoterapia y ondas de choques a nuestros pacientes.','ea91daca3517315d59181f9b4823414b','2023-06-22 09:44:50',1),(43,'Alejandro Molina Fisioterapia','a.molina@ammfisioterapia.es','951212821','https://www.clinicafisioterapiaenmalaga.es','Cada paciente es único, así como el tratamiento que necesita.\nCreemos firmemente que no existe una sola manera de tratar a un paciente\nsino que a través de la combinación de diferentes técnicas conseguimos\nsolucionar, de manera más global, los problemas de salud del paciente,\ninsistiendo en sus necesidades y personalizando el tratamiento.','ea91daca3517315d59181f9b4823414b','2023-06-22 09:50:29',1),(44,'Union Salud','contacto@unionsalud.es','666247619','https://unionsalud.es','Unión Salud es un centro de fisioterapia ubicado en calle La Unión, en Málaga capital. A pesar de ser un centro de nueva creación, sus profesionales llevan años formándose para aportar lo mejor de ellos mismos a cada paciente. Son varios años y miles de pacientes los que los avalan.','ea91daca3517315d59181f9b4823414b','2023-06-22 09:55:27',1),(45,'Fisio Cer','info@fisiocer.es','622020601','https://fisiocer.es','FisioCer – Clínica de Fisioterapia Deportiva y Rehabilitación en Málaga es un centro de fisioterapia en constante evolución y centrado en las necesidades del paciente. Somos expertos en todo tipo de lesiones deportivas y no deportivas, biomecánica y ecografía, ofreciendo además tratamientos complementarios para reducir el dolor y optimizando la recuperación.','ea91daca3517315d59181f9b4823414b','2023-06-22 10:01:54',1),(46,'Fisio Expert Centro de fisioterapia','info@fisioexpert.com','640295720','https://fisioexpert.com','Somos una Clínica de Fisioterapia en Málaga desde donde trabajamos cada día para ayudarte a mejorar su salud. En Fisioexpert encontrarás los servicios de fisioterapia más especializados y profesionales. Si estás buscando una clínica de fisioterapia en Málaga o un fisioterapeuta en Málaga, ¡has llegado al lugar adecuado!','ea91daca3517315d59181f9b4823414b','2023-06-22 10:22:13',1),(47,'Interfisio fisioterapia','info@interfisio.es',' 625422082','https://interfisio.es','\nEl beneficio de elegir Interfisio como centro de confianza no es exclusivamente hacer que tus lesiones desaparezcan. Acudir a buenos profesionales significa que te van a ayuda a entender tu lesión y evitar que vuelva a aparecer.','ea91daca3517315d59181f9b4823414b','2023-06-22 10:26:54',1),(48,'Fisuma fisioterapia y salud','info@fisumasalud.com','689114253','https://www.fisumasalud.com','En nuestro centro de fisioterapia de Málaga contamos con un equipo de fisioterapeutas colegiados con gran experiencia en la realización de tratamientos específicos para mejorar el bienestar de nuestros pacientes.','ea91daca3517315d59181f9b4823414b','2023-06-22 10:32:27',1),(49,'Fisioterapia Vida','info@fisioterapiavida.com',' 650593380','https://fisioterapiavida.com','La mayoría de personas piensan que los masajes son solo para el ocio, estética y relajación; nada más lejos de la realidad. Aunque recibir sesiones de masajes te aporta ese bienestar relajante no hay que pasar por alto los beneficios médicos y saludables que te aportan. Tu sesión de masajes en Málaga con facilidades, en nuestro centro o en tu domicilio. ¡No solo te sentirás relajado como mereces, sino que tu salud también te lo agradecerá!','ea91daca3517315d59181f9b4823414b','2023-06-22 10:39:07',1),(50,'Reformando baños ','reformandomalaga@gmail.com','600720487','https://reformandomalaga.com','Desde REFORMANDO BAÑOS MÁLAGA apreciamos enormemente la opinión de nuestros clientes pues es lo que nos hace mejorar y estar siempre atentos a vuestras peticiones.','ea91daca3517315d59181f9b4823414b','2023-06-22 11:01:11',1),(51,'Reformas integrales Malaga','presupuesto@reformas-integrales-malaga.com','657215310','https://reformas-integrales-malaga.com','Somos especialistas en la construcción de propiedades únicas y exclusivas. Nuestro trabajo inspira. Nos enorgullecemos de ofrecer calidad y diseño excepcionales para clientes líderes en toda la provincia de Málaga.','ea91daca3517315d59181f9b4823414b','2023-06-22 11:08:56',1),(52,'Pivasa Construcciones','info@pivasaconstrucciones.es',' 660094642','https://www.pivasaconstrucciones.es','Somos una empresa de Málaga especializada en reformas integrales, proyectos de rehabilitación de fachadas y restauración de edificios, construcción de viviendas, comunidades y oficinas. Con nosotros tendrás a tu disposición a un equipo con gran experiencia que te ayudará y asesorará en todo lo que necesites.','ea91daca3517315d59181f9b4823414b','2023-06-22 11:14:36',1),(53,'Reformas Francisco Paz','info@reformasfranciscopaz.com','659930887','https://www.reformasfranciscopaz.es','Reformas Francisco Paz es una empresa malagueña fundada en el año 2000, que trabaja en el sector de la construcción, ofreciéndole todos sus servicios con la mejor eficacia y garantía de calidad del mercado.','ea91daca3517315d59181f9b4823414b','2023-06-22 11:20:25',1),(54,'Hola Reformas','cuentame@holareformas.com','611513449 ','https://holareformas.com',' ¿Alguna vez has escuchado?; “Una casa dice mucho de su dueño”. Y tanto que es así, y por eso, nosotros no paramos hasta que tu proyecto lo convirtamos en lo que tú quieres, esforzándonos a tope para llegar a la perfección hasta en el último detalle.','ea91daca3517315d59181f9b4823414b','2023-06-22 11:26:12',1),(55,'Arion Arquitectura tecnica y Construccion','info@arionarquitectura.com','607848658','https://arionarquitectura.com','En ARIÓN Arquitectura Técnica y Construcción, ayudamos a los estudios de arquitectura, promotores y particulares a llevar un control económico, de plazos y de  calidad de sus proyectos.','ea91daca3517315d59181f9b4823414b','2023-06-22 11:31:15',1),(56,'Arema Reformas Integrales','info@reformasarema.es','663141404','https://reformasarema.es','Toda nuestra experiencia al servicio del cliente. \nEstamos siempre a la vanguardia de los materiales más actuales y tecnologías que facilitan la puesta en marcha de su proyecto.','ea91daca3517315d59181f9b4823414b','2023-06-22 11:44:44',1),(57,'Fluinsa','info@fluinsa.es','952246271','https://www.reformasyconstructorasmalaga.es','Fluinsa: La empresa de referencia especializada en reformas.\nSi estás buscando una empresa de reformas profesional, seria, comprometida y con buenos precios estás en el sitio adecuado. Solicita tu presupuesto sin compromiso o contáctanos y te resolveremos cualquier duda.','ea91daca3517315d59181f9b4823414b','2023-06-22 11:49:34',1),(58,'Remorfas Tovar Mantenimiento','reformastovar@reformastovar.es','665894507','http://www.reformastovar.es','En Reformas Tovar somos más que una empresa de reformas: brindamos una amplia cobertura de servicios en el ámbito de las reformas, el mantenimiento, la construcción e instalación y reparación de elementos. Todos los trabajos son realizados a medida para cada cliente, siendo nuestra especialidad lo que llamamos como proyecto llave en mano. A partir de tu idea, nosotros nos encargamos de diseñarla desde cero y ejecutarla, incluyendo la instalación de mobiliario y elementos si así lo deseas.','ea91daca3517315d59181f9b4823414b','2023-06-22 11:57:52',1),(59,'Living Kits','info@livingkits.com','951286646','https://livingkits.com','Somos un equipo multidisciplinar de profesionales dedicados al sector de la construcción ecoeficiente con materiales de primera calidad con una amplia trayectoria.','ea91daca3517315d59181f9b4823414b','2023-06-22 12:04:18',1),(60,'B Edificacion','hola@bedificacion.es','951105542 ','https://bedificacion.es','El Equipo de B Edificación Arquitectos, está compuesto por técnicos especializados en arquitectura y edificación, además colaboramos con varias empresas del sector,','ea91daca3517315d59181f9b4823414b','2023-06-22 12:12:22',1),(61,'HCP Arquitectos','malaga@hcparquitectos.com','952227707','https://hcparquitectos.com','HCP es una empresa de consultoría multidisciplinaria que ofrece arquitectura, ingeniería y planificación urbana. Hemos llevado a cabo más de 2.700 proyectos en más de 30 países.','ea91daca3517315d59181f9b4823414b','2023-06-22 12:18:07',1),(62,'Manuel Navarro Arquitecto','manuelnavarro@arquitecturamalaga.es','952073988','https://arquitectomanuelnavarro.es','Muchos años de experiencia avalan al estudio de arquitectura de Manuel Navarro en las diferentes tareas que a continuación se detallan. Tenemos pasión por la arquitectura y por el trabajo bien hecho, por eso nuestro equipo multidisciplinar siempre dará lo mejor de sí para conseguir que los trabajos salgan con el mejor resultado y en unos plazos de tiempo muy ajustados.','ea91daca3517315d59181f9b4823414b','2023-06-22 12:23:27',1),(63,'Kubo Architecture & Engineering','comercial@kuboarquitectos.es','951204805','https://www.kuboarquitectos.es','KUBO pone a tu disposición un equipo de arquitectos profesionales, expertos en gestión y diseño de viviendas unifamiliares','ea91daca3517315d59181f9b4823414b','2023-06-22 12:32:24',1),(64,'Dika Estudio','dika@dikaestudio.com','633480611','https://www.dikaestudio.com','Somos un estudio creativo integral y multidisciplinar, practicamos la Arquitectura del diseño, como arquitectos llevamos las lógicas y técnicas de la arquitectura a los campos del diseño y la creatividad generando soluciones únicas y emocionantes. Para ello contamos con un equipo multidisciplinar (diseñadores, arquitectos, infografistas, interioristas, técnicos, ingenieros, artesanos…) unidos bajo la misma guía, entorno a una idea de proyecto única, diseñada para materializar tus sueños e ideas iniciales. En DIKA estudio, juntos construimos tus sueños.\n','ea91daca3517315d59181f9b4823414b','2023-06-22 12:38:48',1),(65,'Gana Arquitectura','info@galisteonavarro.com',' 951393763','http://ganaarquitectura.com','GANA arquitectura nace con el único propósito de mejorar la vida de las personas.\nPara ello, se pretende generar un estudio de arquitectura diferente, cuyo objetivo principal es el de poner en valor cualquier espacio, optimizar cualquier ente, arquitectónico o no, y anteponer en todo momento la mejor solución.','ea91daca3517315d59181f9b4823414b','2023-06-22 12:45:44',1),(66,'Pescados y Mariscos El Pedrillo','pescaderiaselpedrillo@hotmail.es','656933701','http://www.pescaderiaselpedrillo.com','Contamos con pescado exquisito procedente de la bahía de Málaga, también tenemos congelados de primerísima calidad.','ea91daca3517315d59181f9b4823414b','2023-06-22 13:00:44',1),(67,'Andres y Victor Pescaderias','info@avpescaderias.com','662450804','https://avpescaderias.com','Para la mejor en comida, servicio, valor y calidad, puede elegir nuestra pescadería. Te garantizamos los pescados y mariscos más frescos, entregados diariamente en nuestro muelle, preparados a tu gusto.','ea91daca3517315d59181f9b4823414b','2023-06-22 13:06:46',1),(68,'Gutierrez Pastrana Pescados y Mariscos','info@gutierrezpastrana.com',' 664364337','https://www.gutierrezpastrana.com','Servicio express 24h\n365 días al servicio de nuestros clientes\n¡ Nos tomamos enserio nuestro compromiso!\nNuestro pescado 100% fresco, calidad garantizada y lleno de sabor.','ea91daca3517315d59181f9b4823414b','2023-06-22 13:15:19',1),(69,'Pescados y Mariscos El Timi','timi@pescadoseltimi.e.telefonica.net',' 625352402','http://eltimipescados.com','Pescados y Mariscos El Timi lleva a tu negocio el mejor género en pescado y marisco de nuestras costas y de los mejores proveedores internacionales. Calidad desde la selección de los productos, proximidad y servicio, atención al cliente, variedad y procesado manual son elementos diferenciadores que nuestros clientes aprecian.','ea91daca3517315d59181f9b4823414b','2023-06-22 14:16:28',1),(70,'Comprar Pescado Online','info@comprarpescadoonline.es','622883022','https://comprarpescadoonline.es','Compra Mariscos frescos a domicilio en nuestra Pescadería Online y directos de la Lonja a tu Mesa sin intermediarios desde Málaga y Ayamonte. Disponemos de los Reyes del Mariscos como las Cigalas de Huelva, Gambas Blancas de Huelva, Gambas Rojas o Alistados, Quisquillas de Motril, Langostinos de Sanlúcar y Carabineros. Envíos gratis a toda España.','ea91daca3517315d59181f9b4823414b','2023-06-22 14:28:27',1),(71,'Pescaderia Zapata Jr','pescaderiazapatajr@gmail.com','652543681','https://pescaderiazapatajr.com/','Gracias a mi familia, llevamos más de 20 años siendo especialistas en el sector, ofreciendo el mejor marisco de Málaga.\nTrabajamos todo tipo de pescado, marisco y bivalvos, valorados a nivel mundial como auténticos manjares de la gastronomía malagueña','ea91daca3517315d59181f9b4823414b','2023-06-22 14:37:29',1),(72,'El Establo Carniceros de Casta','info@carniceriaelestablo.es','658355588','https://www.carniceriaelestablo.es','La experiencia familiar de años de trabajo entre generaciones, da como resultado nuestro más grande valor:\n\"El respeto y satisfacción de nuestros más exigentes clientes, a través de una atención inigualable\"','ea91daca3517315d59181f9b4823414b','2023-06-22 14:46:37',1),(73,'Carniceria Isabel Charcuteria','carneisabel@hotmail.com',' 952311200','https://www.carniceriaisabel.com','\"Le ofrecemos los mejores productos cárnicos de Málaga: cordero, cerdo, ternera, buey, pollo y una gran variedad de embutidos y precocinados de elaboración propia y una gran selección de charcutería al corte con total garantía, absoluta confianza y seguridad.\"','ea91daca3517315d59181f9b4823414b','2023-06-22 14:52:43',1),(74,'Carniceria Charcuteria El Consul','info@carniceriajamoneriaelconsul.com','952109140','https://www.carniceriajamoneriaelconsul.com','Carnicería “EL CÓNSUL\", cuenta con más de tres décadas de experiencia y siempre ofreciendo los mejores productos cárnicos y embutidos de primera calidad.\nContamos con los mejores profesionales en carnicería, charcutería y jamonería, para ofrecerles un servicio atento y profesional.','ea91daca3517315d59181f9b4823414b','2023-06-22 14:59:12',1),(75,'Carnicocina','carnicastimoteo@gmail.com','952306942','https://carnicocina.es','Carnicocina es la elección perfecta para aquellos que buscan llevar el exquisito sabor de la tradición culinaria a su hogar.\nApreciamos el deleite indescriptible que experimentamos al saborear una carne jugosa y tierna, capaz de desencadenar una experiencia culinaria única e inigualable.','ea91daca3517315d59181f9b4823414b','2023-06-22 15:04:40',1),(76,'Carniceria Argentina','jose1972arce@hotmail.com','631946810','http://carniceriaargentinamalaga.com','\"\"Esta carnicería elegante y fresca situada en el corazón del mercado malagueño de Huelin, cercana a todos los servicios y a pocos metros de la playa\"\"','ea91daca3517315d59181f9b4823414b','2023-06-22 15:08:43',1),(77,'El Sastre de la Carne','info@elsastredelacarne.com',' 687459943','https://www.elsastredelacarne.com','Visítanos en nuestra Tienda en Málaga','ea91daca3517315d59181f9b4823414b','2023-06-22 15:17:31',1),(78,'Famadesa','famadesa@famadesa.es','952433050','https://famadesa.es','Famadesa es una empresa referente en el sector cárnico internacional, capaz de producir y exportar productos\nderivados del cerdo blanco a los cinco continentes y con casi 50 años de trayectoria.','ea91daca3517315d59181f9b4823414b','2023-06-22 15:22:18',1),(79,'Charcuteria Paris','info@charcuteriaparis.es','952653996','https://www.charcuteriaparis.es','El servicio que prestamos en nuestro ecommerce es el mismo que el que damos en tienda física, por eso, puedes pedir los gramos deseados de cualquier producto, el tipo de corte en su caso fino o grueso y el embalaje deseado papel, bandeja o al vacío todo ello sin coste extra','ea91daca3517315d59181f9b4823414b','2023-06-22 15:27:58',1),(80,'EFC Consultores','enrique.fernandez@efcconsultores.com','654906226','https://efcconsultores.com','Transmitir confianza y tranquilidad a nuestros clientes para que se sientan seguros y satisfechos con nuestros servicios.','ea91daca3517315d59181f9b4823414b','2023-06-22 15:56:27',1),(81,'Trujillo y Sanchez Mateo Asesores','info@consultoriatrujillo.es','952070487','https://tsmasesores.es','La andadura profesional de nuestro despacho comienza en los años ochenta. Desde entonces hemos prestado servicios de asesoría y consultoría empresarial en las áreas Fiscal, Mercantil, Laboral y Contable.','ea91daca3517315d59181f9b4823414b','2023-06-22 16:02:13',1),(82,'Grupo Dominguez Asesoria','malaga@dominguezasesoria.es','952395300','https://dominguezasesoria.es','Más de 38 años de experiencia, innovación y adaptación, nos hacen los profesionales más cualificados para prestar el servicio que las empresas de hoy necesitan.\nNuestro primer despacho se abrió en Málaga en 1973 y el 2º en Nerja en 1974\nHemos tenido muchos reconocimientos laborales y premios a lo largo de toda nuestra trayectoria.','ea91daca3517315d59181f9b4823414b','2023-06-22 16:07:05',1),(83,'FQ Asesores','contacto@fqasesores.com','665860880','https://www.fqasesores.com','JACINTO SUAREZ RUIZ, comenzó su carrera profesional en el año 1.997, fundando FQ ASESORES en Málaga en el año 2.003. El equipo de profesionales de la asesoría Málaga FQ ASESORES pretenden, con su gestión y sus conocimientos, mejorar los ámbitos financiero, fiscal, contable, laboral, mercantil y jurídico de su empresa. Nos dedicamos a orientar, aconsejar y gestionar todos los asuntos relacionados con los trabajadores y las relaciones laborales entre una empresa y sus empleados, aplicando sus conocimientos del derecho laboral.','ea91daca3517315d59181f9b4823414b','2023-06-22 16:12:12',1),(84,'Asesoria Malaga','asesorenmalaga@gmail.com','678928169','https://www.asesoriaenmalaga.es','En Asesoría en Malaga nos ocupamos de todo lo relacionado con la planificación fiscal empresarial:\nImpuestos de sociedades. Renta y patrimonio. Deducciones. IVA. Retenciones. Bonificaciones. Contabilidad. Impuestos especiales. Cuentas anuales, incentivos, etc.','ea91daca3517315d59181f9b4823414b','2023-06-22 16:18:42',1),(85,'GrupoNeo Asesoria','info@asesorianeo.com','952337799','https://asesorianeo.com','¿Cómo ayudamos a tu empresa o negocio? Aportamos seguridad, poniendo a tu disposición un equipo de profesionales integrado por abogados, economistas y graduados sociales, con una amplia experiencia en sus áreas de trabajo, aportando una visión multidisciplinar a las distintas situaciones que se nos plantean.','ea91daca3517315d59181f9b4823414b','2023-06-22 16:23:31',1),(86,'Jimenez Asesores y Consultores S.L','info@jimenezasesoresyconsultores.com','952308715','https://www.jimenezconsultores.es','Proporcionar seguridad a nuestros clientes en las areas del asesoramiento integral a empresas y autónomos personas físicas, mediante la prestación de servicios de calidad con personal especializado y tecnología punta.','ea91daca3517315d59181f9b4823414b','2023-06-22 16:29:22',1),(87,'Analizza Asesoria de Empresas','info@analizza.es','952072009','https://www.analizza.es','¿Necesitas una asesoría de empresas que te ayude de manera eficaz para la realización de los trámites contables, fiscales, o laborales de tu negocio?\nLlevamos 15 años asesorando a empresas. Conocemos perfectamente cuáles son tus necesidades y cuál es la mejor manera de solucionarlas.','ea91daca3517315d59181f9b4823414b','2023-06-22 16:33:05',1),(88,'Fernandez & Fernandez Abogados','info@ffabogados.com',' 615459238','https://ffabogados.es','Con más de 30 años de experiencia en el ejercicio de la Abogacía, en Fernández & Fernández Abogados estamos especializados en las diversas áreas del derecho actual, con el fin de poder ofrecer a nuestros clientes el mejor asesoramiento y defensa.','ea91daca3517315d59181f9b4823414b','2023-06-22 16:46:25',1),(89,'Bocanegra Abogados','info@bocanegra-abogados.com','952362147','https://bocanegra-abogados.com','El éxito de nuestro despacho de abogados radica en el componente humano y en la dedicación al cliente. Esta labor profesional comienza desde la primera consulta. Contamos con un equipo de profesionales con dilatada experiencia.','ea91daca3517315d59181f9b4823414b','2023-06-22 16:56:18',1),(90,'Lex Veritas Abogados','info@lexveritasabogados','622690166','https://lexveritasabogados.es','Situada en el corazón de Málaga capital, Lex Veritas Abogados es una firma jurídica que, bajo el eslogan «Artesanos del Derecho», brinda servicios legales especializados desde 2015, con el objetivo de impulsar el crecimiento de personas y empresas de manera transparente, cercana y detallista.','ea91daca3517315d59181f9b4823414b','2023-06-22 17:02:02',1),(91,'Rojano Vera Abogados','info@rojanovera.com','633225855','https://rojanovera.com','Rojano Vera cuenta con una exitosa trayectoria profesional en la provincia de Málaga y Valle del Guadalhorce (Cártama). Somos un despacho multidisplinar especializados en accidentes e indemnizaciones, herencias y testamentos, divorcios, deudas y reclamaciones bancarias, además de derecho penal, derecho laboral, extranjería y violencia de género.','ea91daca3517315d59181f9b4823414b','2023-06-22 17:06:21',1),(92,'Triuve Abogados','contacto@triuveabogados.com','644830602','https://www.triuveabogados.com','‍Nos gusta definir nuestra firma como un grupo de personas que ayudan a otras personas; y es que en Triuve Abogados nuestra prioridad es el cliente. De esta forma, tomamos consciencia de cuáles son sus necesidades en cada momento para poder prestarle una asistencia jurídica eficaz, cercana, transparente y de confianza. ','ea91daca3517315d59181f9b4823414b','2023-06-22 17:10:27',1),(93,'Alvarez Ramos Abogados','contacto@alvarezramosabogados.com','952916002','https://www.alvarezramosabogados.com','Álvarez Ramos Abogados es un despacho de abogados en Málaga que desarrolla su actividad a lo largo de toda la provincia de Málaga y zonas colindantes. Trabajamos asuntos en la ciudad de Málaga y en poblaciones cercanas como Fuengirola, Marbella, Antequera o Alhaurín de la Torre, entre otras. También llevamos a cabo nuestros servicios en provincias y ciudades cercanas a Málaga, como lo son Granada, Córdoba, Cádiz o Sevilla.','ea91daca3517315d59181f9b4823414b','2023-06-22 17:13:33',1),(94,'Uniac Trafico Abogados','info@uniactrafico.es','606334946','https://www.uniactrafico.es','Nuestra Unidad de Asistencia, está focalizada en la defensa de los derechos e intereses de los accidentados en Málaga, frente a la actuación abusiva de las compañías de seguros.','ea91daca3517315d59181f9b4823414b','2023-06-22 17:19:11',1),(95,'GBA Abogados','gbaabogadosmalaga@gmail.com','663464146','https://www.gbaabogados.com','GBA ABOGADOS lleva ejerciendo en la provincia de Málaga desde hace más 30 años, con un grupo muy nutrido de profesionales que conforman el mencionado bufete, hecho que ha permitido ir diversificándose con la única finalidad de dar el mejor y más riguroso servicio a nuestros clientes.','ea91daca3517315d59181f9b4823414b','2023-06-22 17:23:46',1),(101,'Tu red educativa','turededucativa@gmail.com','653086302','http://www.turededucativa.com','\r\n En nuestra academia de Málaga realizamos una enseñanza personalizada, intentando siempre adaptarnos a nuestros alumnos.\r\nPonemos a disposición de nuestros alumnos y alumnas una amplia oferta formativa que dé salida a vuestras necesidades de formación.','ea91daca3517315d59181f9b4823414b','2023-06-23 12:20:47',1),(103,'Academia Avenida Andalucia','info@academiaavenidaandalucia.es','692926952','https://academia-malaga.es','En pleno centro de Málaga tienes la academia con los profesores que buscas. Clases luminosas, climatizadas y bien equipadas, donde nuestros profesores trabajan las dudas de los estudiantes de manera personalizada en grupos reducidos','ea91daca3517315d59181f9b4823414b','2023-06-23 12:47:46',1),(104,'Oxford Lenguage School','info@oxfordls.com',' 665740487','https://oxfordls.com','Oxford Language School es hoy en día la red de centros de idiomas con más academias en Bizkaia . Contamos con un amplio equipo de más de 120 profesores de nivel nativo y una organización que a día de hoy forma parte de la educación en idiomas para más de 5.000 alumnos.','ea91daca3517315d59181f9b4823414b','2023-06-23 12:53:37',1),(105,'Academia Nueva Malaga','academianuevamalaga@gmail.com','615685433','https://academianuevamalaga.es','Somos un centro de estudios fundado en 1997 con amplia experiencia en el sector educativo y una clara vocación de formación. Nuestro objetivo es conseguir que todos nuestros alumnos encuentren la motivación y curiosidad por aprender día a día. \r\nContamos con material propio elaborado a lo largo de los años que se le va suministrando al estudiante según sus necesidades.','ea91daca3517315d59181f9b4823414b','2023-06-23 12:59:20',1),(106,'Academia Fye','info@academiafye.es','667001868','http://www.academiafye.es','Este grupo surgió con la idea de dignificar la profesion de vigilante de seguridad, formando profesionales, fomentando la especializacion y la mejora de empleo. En nuestras aulas se han formado cientos de alumnos, que sin duda representan nuestro principal aval y el motivo por el cual nuestro equipo docente trabaja dia a dia.','ea91daca3517315d59181f9b4823414b','2023-06-23 13:09:46',1),(109,'Icarus Academia','icarusaca@gmail.com','644174291','https://www.icarusacademia.es','Nos embarcamos en esta aventura con una meta clara: compartir con nuestro futuro alumnado nuestra pasión por los idiomas. Todos los miembros del equipo de Icarus Academia habíamos trabajado previamente en el mundo de la enseñanza, y ahora tocaba unir fuerzas, experiencias e ideas para crear un nuevo proyecto con un sello personal.','ea91daca3517315d59181f9b4823414b','2023-06-23 15:41:13',1),(110,'Adestudios','info@adestudios.com','699674720','https://adestudios.com','Nuestra aventura comenzó en 2012, cuando nuestra directora, MªCarmen, decidió comenzar un proyecto en el que llevaba años trabajando: el de ayudar a estudiantes universitarios a través de una educación práctica y de calidad. ','ea91daca3517315d59181f9b4823414b','2023-06-23 15:47:56',1),(111,'Academia Omega','info@academiaomega.com','638445763','https://www.academia-omega.com','Porque desde 1987 nos caracteriza el rigor, la seriedad, la experiencia y el compromiso de todo el personal de nuestro centro. Te sentirás rodeado de profesionales que darán soluciones a las cuestiones que te vayan surgiendo. Y lo más importante: tus profesores te harán sentir seguro durante todo el curso.','ea91daca3517315d59181f9b4823414b','2023-06-23 15:54:24',1),(112,'SmartFit','info@smartfit.es','910184467','https://smartfit.es','Somos una empresa que nace en 2013 con una vocación muy marcada dentro del sector del fitness, utilizar la experiencia adquirida gestionando grandes proyectos deportivos por parte de un joven equipo de profesionales para crear instalaciones acordes a las nuevas preferencias y hábitos de los usuarios.','ea91daca3517315d59181f9b4823414b','2023-06-23 16:16:05',1),(113,'Distrito 290 Malaga','info@distrito290larios.com','649814188','https://distrito290malagalarios.com','Distrito 290 Málaga Larios es mucho más que un gimnasio. Somos una boutique de entrenamiento centrada en la salud de las personas donde disfrutarás de todas las comodidades para que entrenes a gusto.','ea91daca3517315d59181f9b4823414b','2023-06-23 16:28:32',1),(114,'Brooklyn Fitboxing','pacificomalaga@brooklynfitboxing.com','608265097','https://www.brooklynfitboxing.com','Una manera diferente de hacer deporte. Alternamos rounds de golpeo al saco al ritmo de la música con ejercicios funcionales.\r\nTrabajamos cardio y fuerza. La manera más eficaz de tonificar y perder grasa. ','ea91daca3517315d59181f9b4823414b','2023-06-23 16:38:59',1),(115,'Synergym','info@synergym.es','625334085','https://synergym.es','Fundada en Málaga en 2013, Synergym es uno de los principales operadores de gimnasios de España.\r\nActualmente, y en un periodo de tiempo récord, somos unas de las grandes cadenas de fitness a nivel nacional, y nuestra intención no es parar de crecer.\r\n','ea91daca3517315d59181f9b4823414b','2023-06-23 18:42:58',1),(116,'O2 Wellness Malaga','elperchel@o2cw.es','952363900','https://malaga.o2cw.es','\r\nEn nuestros centros encontrarás actividades dirigidas (centros oficiales Les Mills), group trainings y actividades en agua con las que estamos seguros encontrarás una actividad que se ajuste a tus gustos y/o necesidades.','ea91daca3517315d59181f9b4823414b','2023-06-23 18:56:11',1),(117,'NowFit Center','info@nowfitcenter.com','605748999','https://nowfitcenter.com','NowFIT nació en Málaga (España) el 29 de diciembre de 2016, bajo un nuevo concepto innovador en el cual unimos todas las características esenciales de los gimnasios de la vieja escuela, también llamados “gimnasios de barrio”, con las grandes superficies, también llamados “macrogimnasios” o “gimnasios franquicia”. ','ea91daca3517315d59181f9b4823414b','2023-06-23 19:05:06',1),(118,'Reebok Sport Center Malaga','info@reebokmalaga.com','952659004','https://reebokmalaga.com','Somos uno de los mejores gimnasios del Centro de Málaga, contamos con la última tecnología en equipamiento, máquinas con TV incorporado y Código QR, y los mejores servicios.Reebok Sport Center Málaga te ofrece una Sala de Fitness de más de 350 m2 con 17 puntos cardiovasculares, 16 máquinas de de musculación, 13 bancos de peso libre, 2 multipower, mancuerneros y gran variedad de barras y diversos materiales para complementar tu entrenamiento.','ea91daca3517315d59181f9b4823414b','2023-06-24 09:56:41',1),(119,'Training Time','info@gimnasiotrainingtime.com','744669955','https://gimnasiotrainingtime.com','Training Time es un gimnasio diferente creado y dirigido actualmente por dos jóvenes emprendedores cargados de ilusión con el objetivo principal de mejorar la calidad de vida de las personas mediante un trato cercano, profesional e individualizado.\r\n','ea91daca3517315d59181f9b4823414b','2023-06-24 10:01:54',1),(120,'Coleccion del Museo Ruso','info@colecciondelmuseoruso.com','687077118','https://www.coleccionmuseoruso.es','La visita virtual está creada en tres idiomas y permite realizar un viaje por todas las salas de la exposición, recibir información sobre cada pieza, admirar con detalle las obras maestras del artista y, además, ver obras que no se muestran habitualmente. Las audioguías en ruso, español e inglés ofrecen la posibilidad de conocer más a fondo las piezas más interesantes de la exposición.','ea91daca3517315d59181f9b4823414b','2023-06-24 10:12:18',1),(121,'Cac Malaga','cacmalaga@cacmalaga.eu',' 952208500','https://cacmalaga.eu','En el Departamento Pedagógico del CAC Málaga afianza y evoluciona en su línea iniciada en cursos anteriores: ser un Departamento dinámico y abierto, adaptado a las necesidades del profesorado y a los diseños curriculares de los diferentes niveles educativos.\r\n\r\nEl Programa Educativo que hemos elaborado para el presente curso escolar, cubre todos los niveles de la Enseñanza, desde Educación Infantil, Primaria, Secundaria, Bachillerato y Ciclos Formativos, hasta niveles universitarios.','ea91daca3517315d59181f9b4823414b','2023-06-24 10:25:53',1),(122,'Muacp Malaga','museoartespopulares@fundacionunicaja.com','  952217137','http://www.museoartespopulares.com','Decano de los museos privados de la ciudad de Málaga, el Museo Unicaja de Artes y Costumbres Populares encuentra sus antecedentes en los años sesenta, a la par de la inauguración del Museo de Bellas Artes (1961), concebido con dos secciones más: la arqueológica y la etnográfica.','ea91daca3517315d59181f9b4823414b','2023-06-24 10:30:30',1),(123,'Museo Carmen Thyssen Malaga','info@carmenthyssenmalaga.org',' 952217511','https://carmenthyssenmalaga.org','La transparencia y la participación son elementos que impregnan la actividad del Museo Carmen Thyssen. Los ciudadanos exigen y merecen disponer de toda la información sobre la actividad del Museo, ya no solamente por el carácter público de éste, sino también para poder implicarse en todas las actividades artísticas y culturales que dinamizamos.','ea91daca3517315d59181f9b4823414b','2023-06-24 10:36:33',1),(124,'Museo Revello de Toro','info@museorevellodetoro.net','952062069','https://www.museorevellodetoro.net','El Museo Revello de Toro está concebido como un espacio expositivo dotado de la más avanzada tecnología y que se propone cumplir tres objetivos. En primer lugar, su finalidad esencial es exponer permanentemente la cesión que el afamado retratista y pintor figurativo malagueño Félix Revello de Toro ha realizado a su ciudad natal. De las ciento cuarenta y dos obras se muestran al público ciento trece entre óleos, bocetos y dibujos que forman la colección permanente del Museo.','ea91daca3517315d59181f9b4823414b','2023-06-24 10:42:33',1),(125,'Principia Centro de Ciencia','info@principia-malaga.com','952070481','https://www.principia-malaga.com','PRINCIPIA es un centro de ciencia interactivo que se caracteriza por favorecer la divulgación científica y tecnológica a todo el público de forma amena, sin perder rigor en sus contenidos.\r\nEs interactivo porque existe una manipulación de los objetos que invita a pensar, reflexionar y experimentar, motivando al visitante a conocer e investigar por si mismo el fundamento científico de los fenómenos naturales del mundo que le rodea.','ea91daca3517315d59181f9b4823414b','2023-06-24 10:49:48',1),(126,'Museo Casa Natal Picasso','museocasanatalpicasso@malaga.eu','951926060','https://museocasanatalpicasso.malaga.eu','Pablo Ruiz Picasso (Málaga, 1881-Mougins, 1973) es unánimemente considerado como uno de los artistas más importantes de la historia del arte, y posiblemente el más influyente del siglo XX.\r\nPintor, dibujante, grabador, escultor, ceramista, diseñador teatral, escritor… una figura emblemática del arte moderno que demuestra su perenne actualidad por el número de exposiciones, publicaciones, investigaciones y noticias que sigue generando.','ea91daca3517315d59181f9b4823414b','2023-06-24 10:55:02',1),(127,'Centro Pompidou Malaga','info.centrepompidou@malaga.eu','951926200','https://centrepompidou-malaga.eu','El departamento de mediación está constituido por expertos en historia del arte y bellas artes, casi todos con intereses en áreas transversales al mismo: historia cultural y social del arte, filosofía, antropología, sociología, práctica artística y otras expresiones del arte. Estos conocimientos dan gran diversidad a las visitas mediadas, haciendo de cada una de ellas una experiencia única.','ea91daca3517315d59181f9b4823414b','2023-06-24 11:06:35',1),(128,'Adendia Inmobiliaria','ventas@adendia.com','639584294','https://adendia.com','En Adendia somos veteranos en el mundo de la gestión inmobiliaria.\r\nDesde 1982 hemos llevado a buen término proyectos que suman un total de más de 750.000 metros construidos y un valor de venta de más de 1.200 millones de euros.','ea91daca3517315d59181f9b4823414b','2023-06-24 11:14:58',1),(129,'CitiCasa','info@citicasa.es','952336342','https://www.citicasa.es','MÁLAGA, NUESTRA PASIÓN\r\nCada año, sin excepción, aportamos nuestro granito de arena a la ciudad con la que amanecemos cada día.\r\nHabituales colaboraciones radiofónicas, televisivas, campañas de visibilidad en EMT y METRO, incluso con el equipo de fútbol de nuestra ciudad.\r\nEn CITICASA siempre estaremos por y para nuestra querida MÁLAGA.','ea91daca3517315d59181f9b4823414b','2023-06-24 11:20:26',1),(130,'PlanetaCasa','huelin@planetacasa.net','697266609','https://www.planetacasa.net','Somos una empresa española fundada en 2009 tras la unión de empresarios y profesionales del sector inmobiliario y el sector financiero con más de 25 años de experiencia a sus espaldas.\r\nGrupo Planetacasa fue creado para dar solución a la crisis del sector inmobiliario nacional y como respuesta a la necesidad de los clientes que buscan comprar, vender o vivienda en Málaga, bajo un método de trabajo avalado por nuestra propia experiencia.','ea91daca3517315d59181f9b4823414b','2023-06-24 11:27:56',1),(131,'RedPiso','info@redpiso.com',' 915078237','https://www.redpiso.es','La misión del Grupo REDPISO es atender las necesidades de los clientes en relación al sector de la intermediación inmobiliaria y financiera, que residen en las áreas donde nos encontramos y que quieren alquilar, adquirir o vender una vivienda en las mejores condiciones, con la mejor financiación posible y bajo un trabajo profesional y de calidad. Y por otro lado, ofrecer un gran número de oportunidades de desarrollo personal y profesional a sus franquiciados y a sus empleados, sea cual sea su edad, sexo o nacionalidad.','ea91daca3517315d59181f9b4823414b','2023-06-24 11:36:01',1),(132,'Globbe International','info@globbe.com','952202413','https://www.globbe.com','Nuestro mayor líder en la empresa, es mi padre, D. Antonio M. Díaz Huettors, nos ha enseñado mucho durante este trayecto, tras muchas batallas día a día aprendemos cosas nuevas, por lo cual nos sentimos satisfecho de ello.\r\nSomos una pequeña empresa dedicada totalmente y volcada a todos nuestros clientes, ya sean compradores o vendedores.\r\nNos gusta sentarnos con ellos, que nos cuenten sus historias, sus alegrías, sus problemas y poder siempre ayudarles en todo lo posible. Nuestra transparencia es lo que nos destaca, nos gusta ver las cosas con perspectivas y con lógica.','ea91daca3517315d59181f9b4823414b','2023-06-24 11:40:26',1),(133,'Inmobiliaria Alianza Propiedades','info@alianzapropiedades.com','952040357 ','https://www.alianzapropiedades.com','ALIANZA PROPIEDADES es una empresa joven, dinámica y ágil que se adapta a los exigentes cambios del mercado y la sociedad, manteniéndose siempre cerca del cliente.\r\nNuestra experiencia y amplia formación técnica garantizan la máxima eficacia en cualquier tipo de gestión inmobiliaria.','ea91daca3517315d59181f9b4823414b','2023-06-24 11:44:48',1),(134,'Levy Inmobiliaria','info@levyinmobiliaria.es',' 691334447','https://www.levyinmobiliaria.es','Inmobiliaria LEVY es una agencia especializada en la gestión de alquiler y venta de activos inmobiliarios en Málaga y Provincia. Ésta se encuentra formada por un equipo humano multidisciplinar, compuesto por reconocidos profesionales en el sector. Nuestra amplia experiencia adquirida a lo largo de los años como agentes de la propiedad inmobiliaria, nos permite ofrecer un producto de excelencia y no solo para el cliente comprador sino también para nuestro cliente vendedor.','ea91daca3517315d59181f9b4823414b','2023-06-24 11:48:27',1),(135,'Casavida inmobiliaria','malaga@casavida.es','615665531','https://casavida.es','Casavida Inmobiliaria es uno de los proyectos más importantes de Grupo Presente Inversiones.\r\nCuenta con equipos formados por verdaderos profesionales especializados en la consultoría sobre compraventas y arrendamientos de inmuebles residenciales.','ea91daca3517315d59181f9b4823414b','2023-06-24 12:00:21',1),(136,'Audio Factory','info@audiofactory.com',' 608683935','https://www.audiofactory.es','Tienda de Alta Fidelidad y Cine en Casa en Málaga. Expertos en equipos de alta fidelidad y home cinema. Te asesoramos en Málaga para que encuentres tu equipo bajo marcas reconocidas del sector AV.','ea91daca3517315d59181f9b4823414b','2023-06-25 10:08:44',1),(137,'BaseDj','rogemusic@hotmail.com','699877549','https://www.basedj.es','Tienda de sonido Malaga, Tienda dj Malaga,Componentes Electronicos,Repuestos De Altavoces\r\nVenta de equipos de sonido e iluminacion, Etapas de potencia, Microfonos, Auriculares, Maquinas de humo, Laser RGB, Efectos Led, Reproductor de CD, Laser multipuntos, Monitores de Estudio, Megafonia para coches, Amplificadores de sonido, Repuestos de Altavoces, Giradiscos, Soportes y accesorios dj, controladores midi, Flash Strobo, Racks.\r\n\r\n','ea91daca3517315d59181f9b4823414b','2023-06-25 10:14:50',1),(138,'JC Valvular','jcvalvular@gmail.com','659153768','https://jcvalvular.com','Somos una empresa afincada en Málaga capital dedicada al sonido en general. En nuestras instalaciones contamos con zonas de reparación de toda la gama de sonido y zona dedicada a la fabricación, todos los productos están realizados de forma totalmente artesanal.','ea91daca3517315d59181f9b4823414b','2023-06-25 10:19:55',1),(139,'Mas Life','info@maslifeunion.com','622286972','https://maslife.es','¡Somos la tienda que reúne todas las marcas\r\ndel grupo MASMOVIL en un mismo lugar! En nuestra\r\ntienda encontrarás tarifas de todos los colores\r\ncon asesoramiento personalizado','ea91daca3517315d59181f9b4823414b','2023-06-25 10:29:32',1),(140,'Movil Planet','contacto@movilplanet.eu','651050019','https://movilplanet.eu/es','Movil Planet nace como tienda online desde Málaga en 2016 gracias al esfuerzo de poner a tu alcance la mejor selección de accesorios para móvil y realidad virtual a precio mínimo, dedicándonos a la venta e importación de este tipo de productos.\r\nEn 2017 empezamos a comercializar teléfonos móviles al mejor precio desde España centrando en ello nuestro modelo de negocio. Nuestra filosofía es la de trabajar sólo con proveedores de confianza que nos permitan ofrecer los mejores precios a nuestros Clientes sin renunciar a la calidad ni garantía de todos nuestros productos, apostando por un trato cercano y una atención personalizada según tus necesidades.','ea91daca3517315d59181f9b4823414b','2023-06-25 10:36:41',1),(141,'Cosladafon','info@colasdafon.com','633854713','https://www.cosladafon.com/','Cosladafón nace con la necesidad de querer ofrecer a todos los amantes de la tecnología el mejor catálogo de productos a un precio super competitivo. Apostamos por desarrollar un servicio de venta de telefonía a través de nuestra tienda online. Nuestro objetivo ha sido y es el de ofrecer el precio más competitivo del mercado, dar un servicio de rapidez (nuestra tienda funciona 24/7) y todo ello sin renunciar a la calidad y un buen servicio de postventa.','ea91daca3517315d59181f9b4823414b','2023-06-25 10:47:45',1),(142,'Tienda Vodafone','info@tiendavodafonemalaga.com','621228229','https://tiendas.vodafone.es','Solicita cita previa en tu tienda donde resolveremos tus dudas y te asesoraremos sobre las soluciones de red para negocios y hogar. Fibra de alta velocidad, la mejor cobertura 5G o nuestras tarifas ilimitadas.','ea91daca3517315d59181f9b4823414b','2023-06-25 10:52:54',1),(143,'Muy Nuevo','info@muynuevo.com','952617004','https://muynuevo.com','Muynuevo.com nació hace 3 años como una tienda de móviles Km.0 procedentes de exposición y escaparates, revisados y certificados por nuestro equipo técnico, estos productos son los catalogados como muynuevo.','ea91daca3517315d59181f9b4823414b','2023-06-25 11:00:12',1),(144,'Tecno Malaka','info@tecnomalaka.com','627867618','http://www.tecnomalaka.com','Realizamos reparaciones de equipos informáticos y de telefonía móvil , Instalaciones de Alarmas y Equipos de Videovigilancia, Mantenimiento a Empresas, Instalacion de Antenas y Sistemas de iluminación Led. Disponemos de Servicio a Domicilio. Además en nuestra tienda suministramos equipos y componentes con la mejor calidad del mercado y ofrecemos servicio de revelado de fotos y fotografías de carnet.','ea91daca3517315d59181f9b4823414b','2023-06-25 11:04:50',1),(145,'Movitel Shop','atencion.cliente@movitelshop.com','635360428','https://movitelshop.com','Movitelshop.com es una tienda online con tienda física En Málaga Capital.\r\nEmpresa Joven fundada en el 2016 con personal que tiene más de 12 años de experiencia en el sector de la telefonía e informática.\r\nDisponemos de las últimas novedades en telefonía y accesorios al mejor precio.\r\nRealizamos envíos a toda España y Portugal peninsular, ofreciendo un servicio postventa inmejorable.','ea91daca3517315d59181f9b4823414b','2023-06-25 11:09:29',1),(146,'Medic Phone','ventas.medicphone@gmail.com','643124399','https://medicphone.es','Desde nuestros inicios, nos hemos comprometido a brindar un servicio de alta calidad y confiable. Nuestro equipo de expertos en reparación cuenta con años de experiencia y está altamente capacitado en las últimas técnicas y herramientas de reparación. Nos enorgullece poder ofrecer reparaciones precisas, eficientes y rápida, asegurando que su dispositivo funcione como nuevo.','ea91daca3517315d59181f9b4823414b','2023-06-25 11:14:23',1),(147,'MoonReeds','moonreeds@moonreeds.com','666777888','moonreeds.com','la caña de españa','b968fef11dc638d3ffa8a2aea236b4ca','2023-06-29 16:38:15',1),(148,'toco to','tocoto@tocoto.com','999888777','tocoto.com','tocoto services','5427e86322c317fa478145c7385f5ae6','2023-06-29 16:54:17',1),(149,'tolonegro','tolonegro@tolonegro','666777444','tolonegro.com','tolonegro','5427e86322c317fa478145c7385f5ae6','2023-06-29 16:57:38',1),(150,'jskdgjdfh','jdfg@dfjgh.com','67676767','ghdf.com','sdf','5427e86322c317fa478145c7385f5ae6','2023-06-29 17:15:54',1),(151,'federico','federico@federico.com','999888777','federicoreformas.com','reformas federico','5427e86322c317fa478145c7385f5ae6','2023-06-29 17:25:01',1),(152,'francis','t@t.com','987654321','f.com','jhgdrf','5427e86322c317fa478145c7385f5ae6','2023-06-29 17:52:17',1),(153,'cole','cole@cole.com','938475912','cole.com','cole','5427e86322c317fa478145c7385f5ae6','2023-06-29 18:01:48',1);
/*!40000 ALTER TABLE `users` ENABLE KEYS */;
UNLOCK TABLES;

--
-- Table structure for table `valoraciones`
--

DROP TABLE IF EXISTS `valoraciones`;
/*!40101 SET @saved_cs_client     = @@character_set_client */;
/*!50503 SET character_set_client = utf8mb4 */;
CREATE TABLE `valoraciones` (
  `ID` int NOT NULL AUTO_INCREMENT,
  `ID_COMENTADO` int NOT NULL,
  `PUNTUACION` decimal(10,0) NOT NULL,
  `COMENTARIO` text NOT NULL,
  `ID_COMENTADOR` int NOT NULL,
  PRIMARY KEY (`ID`),
  KEY `VALORACIONES_FK` (`ID_COMENTADO`),
  KEY `VALORACIONES_FK_1` (`ID_COMENTADOR`),
  CONSTRAINT `VALORACIONES_FK` FOREIGN KEY (`ID_COMENTADO`) REFERENCES `users` (`ID`) ON DELETE CASCADE ON UPDATE CASCADE,
  CONSTRAINT `VALORACIONES_FK_1` FOREIGN KEY (`ID_COMENTADOR`) REFERENCES `users` (`ID`) ON DELETE CASCADE ON UPDATE CASCADE
) ENGINE=InnoDB AUTO_INCREMENT=2 DEFAULT CHARSET=utf8mb4 COLLATE=utf8mb4_0900_ai_ci;
/*!40101 SET character_set_client = @saved_cs_client */;

--
-- Dumping data for table `valoraciones`
--

LOCK TABLES `valoraciones` WRITE;
/*!40000 ALTER TABLE `valoraciones` DISABLE KEYS */;
INSERT INTO `valoraciones` VALUES (1,14,5,'dfdfh',15);
/*!40000 ALTER TABLE `valoraciones` ENABLE KEYS */;
UNLOCK TABLES;

--
-- Dumping routines for database 'prueba_mapas'
--
/*!40103 SET TIME_ZONE=@OLD_TIME_ZONE */;

/*!40101 SET SQL_MODE=@OLD_SQL_MODE */;
/*!40014 SET FOREIGN_KEY_CHECKS=@OLD_FOREIGN_KEY_CHECKS */;
/*!40014 SET UNIQUE_CHECKS=@OLD_UNIQUE_CHECKS */;
/*!40101 SET CHARACTER_SET_CLIENT=@OLD_CHARACTER_SET_CLIENT */;
/*!40101 SET CHARACTER_SET_RESULTS=@OLD_CHARACTER_SET_RESULTS */;
/*!40101 SET COLLATION_CONNECTION=@OLD_COLLATION_CONNECTION */;
/*!40111 SET SQL_NOTES=@OLD_SQL_NOTES */;

-- Dump completed on 2023-06-29 18:59:21
